field,initial,writes,reads
_ambiguous_giveup_frames,0,mediator.py:__init__:1102; mediator.py:_tick_impl:12866; mediator.py:_tick_impl:12883,
_archaeology_click_at,None,mediator.py:__init__:977; mediator.py:_maybe_switch_to_archaeology:7460; mediator.py:_maybe_switch_to_archaeology:7507; mediator.py:set_phase:7922,mediator.py:_maybe_switch_to_archaeology:7450
_archaeology_click_attempts,0,mediator.py:__init__:979; mediator.py:_maybe_switch_to_archaeology:7500; mediator.py:set_phase:7924,mediator.py:_maybe_switch_to_archaeology:7501
_archaeology_click_generation,None,mediator.py:__init__:978; mediator.py:_maybe_switch_to_archaeology:7508; mediator.py:set_phase:7923,mediator.py:_maybe_switch_to_archaeology:7452
_archaeology_handoff_confirmed,False,mediator.py:__init__:660; mediator.py:_maybe_switch_to_archaeology:7459,mediator.py:_classify_run_exit:14933
_archaeology_handoff_pending,False,mediator.py:__init__:976; mediator.py:_tick_l0:11860; mediator.py:set_phase:7921,mediator.py:_maybe_switch_to_archaeology:7471; mediator.py:_tick_l0:12023
_archaeology_template_miss_budget,40,mediator.py:__init__:975; mediator.py:_maybe_switch_to_archaeology:7489; mediator.py:set_phase:7925,mediator.py:_maybe_switch_to_archaeology:7490; mediator.py:_maybe_switch_to_archaeology:7495
_archive_challenge_click_attempts,0,mediator.py:__init__:928; mediator.py:_maybe_click_archive_challenge:5743; mediator.py:_maybe_click_archive_challenge:5753; mediator.py:_maybe_click_archive_challenge:5757; mediator.py:set_phase:7947,mediator.py:_maybe_click_archive_challenge:5753; mediator.py:_maybe_click_archive_challenge:5754; mediator.py:_maybe_click_archive_challenge:5760
_archive_challenge_confirm_attempts,0,mediator.py:__init__:930; mediator.py:_maybe_click_archive_challenge:5712; mediator.py:_maybe_click_archive_challenge:5744; mediator.py:_maybe_click_archive_challenge:5750; mediator.py:set_phase:7948,mediator.py:_maybe_click_archive_challenge:5745; mediator.py:_maybe_click_archive_challenge:5747
_archive_challenge_index,0,mediator.py:__init__:925; mediator.py:_maybe_click_archive_challenge:5713; mediator.py:_maybe_click_archive_challenge:5727; mediator.py:_maybe_click_archive_challenge:5749; mediator.py:_maybe_click_archive_challenge:5756; mediator.py:_tick_main_line:13901; mediator.py:set_phase:7945,mediator.py:_maybe_click_archive_challenge:5702; mediator.py:_tick_main_line:14055
_archive_challenge_next_at,0.0,mediator.py:__init__:926; mediator.py:_maybe_click_archive_challenge:5730; mediator.py:_maybe_click_archive_challenge:5738; mediator.py:_tick_main_line:13902; mediator.py:_tick_main_line:14039,mediator.py:_maybe_click_archive_challenge:5706
_archive_challenge_observe_attempts,0,mediator.py:__init__:927; mediator.py:_maybe_click_archive_challenge:5724; mediator.py:_maybe_click_archive_challenge:5728; mediator.py:_maybe_click_archive_challenge:5742; mediator.py:_maybe_click_archive_challenge:5758; mediator.py:set_phase:7946,mediator.py:_maybe_click_archive_challenge:5725; mediator.py:_maybe_click_archive_challenge:5731
_archiver,IncidentArchiver(root=incident_dir) if incident_dir else None,mediator.py:__init__:1123,mediator.py:_find_reward_choice:3657; mediator.py:_find_reward_choice:3658; mediator.py:_record_environment_incident:12361; mediator.py:_record_environment_incident:12366; mediator.py:_record_fail_closed_incident:8515; mediator.py:_record_fail_closed_incident:8521; mediator.py:_record_lobby_observation_incident:8571; mediator.py:_record_lobby_observation_incident:8576; mediator.py:_record_recovery_incident:8478; mediator.py:_record_recovery_incident:8484; mediator.py:_record_repeat_click:8603; mediator.py:_record_repeat_click:8606; mediator.py:_record_round_timeout_incident:13569; mediator.py:_record_round_timeout_incident:13574; mediator.py:_record_selection_unknown:8542; mediator.py:_record_selection_unknown:8544; mediator.py:_tick_impl:12777; mediator.py:_tick_impl:12780; mediator.py:_tick_impl:12790; mediator.py:_tick_impl:12792
_artifact_next_e,,mediator.py:set_phase:8011,
_artifact_next_q,,mediator.py:set_phase:8009,
_artifact_next_w,,mediator.py:set_phase:8010,
_auto_task_attempts,0,mediator.py:__init__:897; mediator.py:_ensure_auto_task_enabled:2597; mediator.py:_ensure_auto_task_enabled:2651; mediator.py:set_phase:7910,mediator.py:_ensure_auto_task_enabled:2634; mediator.py:_ensure_auto_task_enabled:2637; mediator.py:_ensure_auto_task_enabled:2641; mediator.py:_ensure_auto_task_enabled:2653; mediator.py:_ensure_auto_task_enabled:2661; mediator.py:_ensure_auto_task_enabled:2663; mediator.py:_ensure_auto_task_enabled:2667
_auto_task_done,False,mediator.py:__init__:896; mediator.py:_auto_task_unknown_fuse:2543; mediator.py:_ensure_auto_task_enabled:2596; mediator.py:_ensure_auto_task_enabled:2609; mediator.py:_ensure_auto_task_enabled:2631; mediator.py:_ensure_auto_task_enabled:2638; mediator.py:_ensure_auto_task_enabled:2664; mediator.py:set_phase:7909,mediator.py:_ensure_auto_task_enabled:2561; mediator.py:_ensure_auto_task_enabled:2576; mediator.py:_ensure_auto_task_enabled:2580; mediator.py:_ensure_auto_task_enabled:2584; mediator.py:_tick_main_line:14367; mediator.py:_tick_main_line:14557
_auto_task_next_observe_at,None,mediator.py:__init__:899; mediator.py:_ensure_auto_task_enabled:2612; mediator.py:_ensure_auto_task_enabled:2622; mediator.py:_ensure_auto_task_enabled:2656; mediator.py:set_phase:7912,mediator.py:_ensure_auto_task_enabled:2614
_auto_task_pending_since,None,mediator.py:__init__:898; mediator.py:_ensure_auto_task_enabled:2611; mediator.py:_ensure_auto_task_enabled:2621; mediator.py:_ensure_auto_task_enabled:2655; mediator.py:set_phase:7911,mediator.py:_ensure_auto_task_enabled:2604; mediator.py:_ensure_auto_task_enabled:2657
_auto_task_recheck_at,0.0,mediator.py:__init__:900; mediator.py:_auto_task_unknown_fuse:2544; mediator.py:_ensure_auto_task_enabled:2574; mediator.py:_ensure_auto_task_enabled:2588; mediator.py:_ensure_auto_task_enabled:2592; mediator.py:_ensure_auto_task_enabled:2610; mediator.py:_ensure_auto_task_enabled:2632; mediator.py:_ensure_auto_task_enabled:2639; mediator.py:_ensure_auto_task_enabled:2665; mediator.py:_hitch_soft_reset:9986; mediator.py:set_phase:7913,mediator.py:_ensure_auto_task_enabled:2571
_auto_task_unknown_since,None,mediator.py:__init__:901; mediator.py:_auto_task_unknown_fuse:2523; mediator.py:_auto_task_unknown_fuse:2526; mediator.py:_auto_task_unknown_fuse:2530; mediator.py:_auto_task_unknown_fuse:2545; mediator.py:_ensure_auto_task_enabled:2566; mediator.py:set_phase:7927,mediator.py:_auto_task_unknown_fuse:2529; mediator.py:_auto_task_unknown_fuse:2531
_aux_dialog_attempts,"{'HEIRLOOM_DIALOG': 0, 'GREAT_RIFT_CONFIRM': 0}",mediator.py:__init__:1110; mediator.py:_tick_main_line:13939 (item); mediator.py:_tick_main_line:14239 (item); mediator.py:_tick_main_line:14249 (item); mediator.py:_tick_main_line:14312 (item); mediator.py:set_phase:7975,mediator.py:_tick_main_line:13937; mediator.py:_tick_main_line:13939; mediator.py:_tick_main_line:14235; mediator.py:_tick_main_line:14239; mediator.py:_tick_main_line:14249; mediator.py:_tick_main_line:14302; mediator.py:_tick_main_line:14312
_awaiting_room_return,False,mediator.py:__init__:968; mediator.py:_finish_direct_failure_exit:8275; mediator.py:_hitch_after_exit:10169; mediator.py:_tick_l0:11838; mediator.py:_tick_l0:11843; mediator.py:_tick_l1_tail:14825,mediator.py:_tick_l0:11768; mediator.py:_tick_l0:11837; mediator.py:_tick_l0:11841
_bond_cards_owned,[],mediator.py:__init__:998; mediator.py:_commit_pending_bond_cards:3166 (mutation); mediator.py:set_phase:7869 (mutation); runtime_mediator.py:__init__:33; runtime_mediator.py:_commit_pending_bond_cards:662 (mutation); runtime_mediator.py:set_phase:720 (mutation),mediator.py:_commit_pending_bond_cards:3166; mediator.py:_confirmed_bond_cards:3171; mediator.py:set_phase:7869; runtime_mediator.py:_commit_pending_bond_cards:662; runtime_mediator.py:_commit_pending_bond_cards:663; runtime_mediator.py:_confirmed_bond_cards:670; runtime_mediator.py:set_phase:720
_bond_cards_pending,[],mediator.py:__init__:997; mediator.py:_clear_pending_skill_cards:3143 (mutation); mediator.py:_commit_pending_bond_cards:3167 (mutation); mediator.py:_stage_bond_card:3159 (mutation); mediator.py:set_phase:7868 (mutation); runtime_mediator.py:__init__:32; runtime_mediator.py:_clear_pending_bond_cards:667 (mutation); runtime_mediator.py:_commit_pending_bond_cards:664 (mutation); runtime_mediator.py:_stage_bond_card:656 (mutation); runtime_mediator.py:set_phase:719 (mutation),mediator.py:_clear_pending_skill_cards:3143; mediator.py:_commit_pending_bond_cards:3163; mediator.py:_commit_pending_bond_cards:3165; mediator.py:_commit_pending_bond_cards:3167; mediator.py:_stage_bond_card:3159; mediator.py:set_phase:7868; runtime_mediator.py:_clear_pending_bond_cards:667; runtime_mediator.py:_commit_pending_bond_cards:659; runtime_mediator.py:_commit_pending_bond_cards:661; runtime_mediator.py:_commit_pending_bond_cards:664; runtime_mediator.py:_stage_bond_card:656; runtime_mediator.py:set_phase:719
_boss_challenge_attempts,0,mediator.py:__init__:959; mediator.py:_maybe_challenge_configured_boss:6210; mediator.py:_maybe_challenge_configured_boss:6317; mediator.py:_tick_main_line:14016; mediator.py:_tick_main_line:14079; mediator.py:_tick_main_line:14214; mediator.py:set_phase:7971,mediator.py:_maybe_challenge_configured_boss:6233; mediator.py:_maybe_challenge_configured_boss:6249; mediator.py:_maybe_challenge_configured_boss:6323; mediator.py:_maybe_challenge_configured_boss:6324; mediator.py:_maybe_challenge_configured_boss:6344; mediator.py:_maybe_challenge_configured_boss:6347; mediator.py:_tick_main_line:14075; mediator.py:_tick_main_line:14222; mediator.py:_tick_main_line:14480
_boss_challenge_next_at,0.0,mediator.py:__init__:964; mediator.py:_maybe_challenge_configured_boss:6212; mediator.py:_maybe_challenge_configured_boss:6304; mediator.py:_maybe_challenge_configured_boss:6321; mediator.py:_maybe_challenge_configured_boss:6352; mediator.py:_tick_main_line:14018; mediator.py:_tick_main_line:14216; mediator.py:set_phase:7973,mediator.py:_maybe_challenge_configured_boss:6251; mediator.py:_tick_main_line:14066; mediator.py:_tick_main_line:14481
_boss_challenge_page,,mediator.py:_maybe_challenge_configured_boss:6213; mediator.py:_tick_main_line:14217; mediator.py:set_phase:7974,mediator.py:_maybe_challenge_configured_boss:6204; mediator.py:_tick_main_line:14210
_boss_challenge_scroll_attempts,0,mediator.py:__init__:963; mediator.py:_maybe_challenge_configured_boss:6211; mediator.py:_maybe_challenge_configured_boss:6302; mediator.py:_tick_main_line:14017; mediator.py:_tick_main_line:14215; mediator.py:set_phase:7972,mediator.py:_maybe_challenge_configured_boss:6300; mediator.py:_maybe_challenge_configured_boss:6308
_boss_clicked,False,mediator.py:__init__:665,
_cached_policy_settings,None,mediator.py:__init__:1175; mediator.py:_policy_settings:3078,mediator.py:_policy_settings:3077; mediator.py:_policy_settings:3086
_capture_black_hwnds,(),mediator.py:__init__:821; mediator.py:_capture_best:1381; mediator.py:_capture_best:1390,mediator.py:_trace_tick:12492
_capture_candidates,0,mediator.py:__init__:720; mediator.py:_capture_best:1359,mediator.py:_trace_tick:12490
_capture_generation,0,mediator.py:__init__:702; mediator.py:see:1649,mediator.py:_hitch_begin_room_exit:9914; mediator.py:_hitch_modal_observation_key:9591; mediator.py:_hitch_track_room_seats:9437; mediator.py:_tick_hitch_kk_nav:10343; mediator.py:_tick_hitch_platform_modal:9704; mediator.py:_tick_lobby_hitch:10806; mediator.py:_tick_lobby_hitch:10956; mediator.py:_tick_lobby_hitch:11131
_capture_miss_streak,0,mediator.py:__init__:719; mediator.py:_capture_best:1440; mediator.py:_capture_best:1449; mediator.py:_capture_best:1467; mediator.py:_capture_best:1472; mediator.py:_capture_best:1480; mediator.py:_capture_best:1494; mediator.py:_capture_best:1497; mediator.py:_capture_best:1503,mediator.py:_capture_best:1498
_capture_selected_by,None,mediator.py:__init__:822; mediator.py:_capture_best:1376; mediator.py:_capture_best:1441; mediator.py:_capture_best:1450; mediator.py:_capture_best:1468; mediator.py:_capture_best:1473; mediator.py:_capture_best:1481; mediator.py:_capture_best:1485; mediator.py:_capture_best:1495; mediator.py:_capture_best:1500; mediator.py:_capture_best:1517,mediator.py:_trace_tick:12491
_challenge_attempts,{},mediator.py:__init__:886; mediator.py:_ensure_challenge_buttons:7095 (item); mediator.py:_ensure_challenge_buttons:7191 (item); mediator.py:set_phase:7876 (mutation),mediator.py:_ensure_challenge_buttons:7095; mediator.py:_ensure_challenge_buttons:7148; mediator.py:_ensure_challenge_buttons:7191; mediator.py:_ensure_challenge_buttons:7192; mediator.py:set_phase:7876
_challenge_done,set(),mediator.py:__init__:885; mediator.py:_ensure_challenge_buttons:7094 (mutation); mediator.py:_ensure_challenge_buttons:7116 (mutation); mediator.py:_ensure_challenge_buttons:7141 (mutation); mediator.py:_ensure_challenge_buttons:7152 (mutation); mediator.py:_ensure_challenge_buttons:7168 (mutation); mediator.py:_ensure_challenge_buttons:7180 (mutation); mediator.py:_ensure_challenge_buttons:7201 (mutation); mediator.py:set_phase:7875 (mutation),mediator.py:_ensure_challenge_buttons:7053; mediator.py:_ensure_challenge_buttons:7094; mediator.py:_ensure_challenge_buttons:7116; mediator.py:_ensure_challenge_buttons:7141; mediator.py:_ensure_challenge_buttons:7152; mediator.py:_ensure_challenge_buttons:7168; mediator.py:_ensure_challenge_buttons:7180; mediator.py:_ensure_challenge_buttons:7201; mediator.py:_tick_main_line:14368; mediator.py:set_phase:7875
_challenge_next_observe_at,{},mediator.py:__init__:889; mediator.py:_ensure_challenge_buttons:7119 (mutation); mediator.py:_ensure_challenge_buttons:7130 (mutation); mediator.py:_ensure_challenge_buttons:7211 (item); mediator.py:set_phase:7879 (mutation),mediator.py:_ensure_challenge_buttons:7119; mediator.py:_ensure_challenge_buttons:7122; mediator.py:_ensure_challenge_buttons:7130; mediator.py:_ensure_challenge_buttons:7211; mediator.py:set_phase:7879
_challenge_pending_since,{},mediator.py:__init__:888; mediator.py:_ensure_challenge_buttons:7118 (mutation); mediator.py:_ensure_challenge_buttons:7129 (mutation); mediator.py:_ensure_challenge_buttons:7210 (item); mediator.py:set_phase:7878 (mutation),mediator.py:_ensure_challenge_buttons:7106; mediator.py:_ensure_challenge_buttons:7118; mediator.py:_ensure_challenge_buttons:7129; mediator.py:_ensure_challenge_buttons:7210; mediator.py:set_phase:7878
_challenge_recheck_at,{},mediator.py:__init__:903; mediator.py:_ensure_challenge_buttons:7064 (item); mediator.py:_ensure_challenge_buttons:7083 (item); mediator.py:_ensure_challenge_buttons:7090 (item); mediator.py:_ensure_challenge_buttons:7117 (item); mediator.py:_ensure_challenge_buttons:7142 (item); mediator.py:_ensure_challenge_buttons:7153 (mutation); mediator.py:_ensure_challenge_buttons:7169 (item); mediator.py:_ensure_challenge_buttons:7181 (item); mediator.py:_ensure_challenge_buttons:7202 (mutation); mediator.py:set_phase:7885 (mutation),mediator.py:_ensure_challenge_buttons:7060; mediator.py:_ensure_challenge_buttons:7064; mediator.py:_ensure_challenge_buttons:7083; mediator.py:_ensure_challenge_buttons:7090; mediator.py:_ensure_challenge_buttons:7117; mediator.py:_ensure_challenge_buttons:7142; mediator.py:_ensure_challenge_buttons:7153; mediator.py:_ensure_challenge_buttons:7169; mediator.py:_ensure_challenge_buttons:7181; mediator.py:_ensure_challenge_buttons:7202; mediator.py:set_phase:7885
_challenge_start_attempts,0,mediator.py:__init__:687; mediator.py:_challenge_start_timeout:11680; mediator.py:set_phase:7978,mediator.py:_challenge_start_timeout:11683; mediator.py:_tick_l0:12304; mediator.py:_tick_l0:12326
_challenge_start_deadline,None,mediator.py:__init__:688; mediator.py:_tick_l0:12248; mediator.py:_tick_l0:12267; mediator.py:_tick_l0:12302; mediator.py:set_phase:7755,mediator.py:_tick_l0:12266; mediator.py:_tick_l0:12305; mediator.py:_tick_l0:12318; mediator.py:_tick_l0:12321; mediator.py:_tick_l0:12322
_challenge_start_hero_modal_frames,0,mediator.py:__init__:690; mediator.py:_tick_l0:12250; mediator.py:_tick_l0:12312; mediator.py:_tick_l0:12314; mediator.py:set_phase:7757; mediator.py:set_phase:7763,mediator.py:_tick_l0:12315
_challenge_start_hud_frames,0,mediator.py:__init__:689; mediator.py:_tick_l0:12249; mediator.py:_tick_l0:12283; mediator.py:_tick_l0:12294; mediator.py:_tick_l0:12301; mediator.py:set_phase:7756; mediator.py:set_phase:7762,mediator.py:_tick_l0:12284; mediator.py:_tick_l0:12289
_challenge_start_source,'stage',mediator.py:__init__:686; mediator.py:_tick_l0:12247; mediator.py:set_phase:7754,mediator.py:_challenge_start_timeout:11671; mediator.py:_tick_l0:12270; mediator.py:_tick_l0:12304; mediator.py:_tick_l0:12308; mediator.py:_tick_l0:12326
_challenge_start_state,None,mediator.py:__init__:685; mediator.py:_tick_l0:12246; mediator.py:_tick_l0:12265; mediator.py:_tick_l0:12285; mediator.py:_tick_l0:12293; mediator.py:_tick_l0:12300; mediator.py:set_phase:7753; mediator.py:set_phase:7761,mediator.py:_tick_l0:12262; mediator.py:_tick_l0:12263; mediator.py:set_phase:7752
_challenge_states,"{'coin_challenge': ChallengeState.PENDING, 'wood_challenge': ChallengeState.PENDING, 'experience_challenge': ChallengeState.PENDING, 'treasure_challenge': ChallengeState.PENDING}",mediator.py:__init__:890; mediator.py:_ensure_challenge_buttons:7057 (item); mediator.py:_ensure_challenge_buttons:7067 (item); mediator.py:_ensure_challenge_buttons:7115 (item); mediator.py:_ensure_challenge_buttons:7123 (item); mediator.py:_ensure_challenge_buttons:7132 (item); mediator.py:_ensure_challenge_buttons:7167 (item); mediator.py:_ensure_challenge_buttons:7177 (item); mediator.py:_ensure_challenge_buttons:7195 (item); mediator.py:set_phase:7903,mediator.py:_ensure_challenge_buttons:7057; mediator.py:_ensure_challenge_buttons:7067; mediator.py:_ensure_challenge_buttons:7115; mediator.py:_ensure_challenge_buttons:7123; mediator.py:_ensure_challenge_buttons:7132; mediator.py:_ensure_challenge_buttons:7167; mediator.py:_ensure_challenge_buttons:7177; mediator.py:_ensure_challenge_buttons:7195; mediator.py:_tick_main_line:14368
_challenge_unknown_since,{},mediator.py:__init__:887; mediator.py:_ensure_challenge_buttons:7058 (mutation); mediator.py:_ensure_challenge_buttons:7068 (mutation); mediator.py:_ensure_challenge_buttons:7120 (mutation); mediator.py:_ensure_challenge_buttons:7136 (mutation); mediator.py:_ensure_challenge_buttons:7143 (mutation); mediator.py:_ensure_challenge_buttons:7161 (mutation); mediator.py:_ensure_challenge_buttons:7170 (mutation); mediator.py:_ensure_challenge_buttons:7174 (mutation); mediator.py:_ensure_challenge_buttons:7182 (mutation); mediator.py:_ensure_challenge_buttons:7190 (mutation); mediator.py:set_phase:7877 (mutation),mediator.py:_ensure_challenge_buttons:7058; mediator.py:_ensure_challenge_buttons:7068; mediator.py:_ensure_challenge_buttons:7120; mediator.py:_ensure_challenge_buttons:7136; mediator.py:_ensure_challenge_buttons:7143; mediator.py:_ensure_challenge_buttons:7161; mediator.py:_ensure_challenge_buttons:7170; mediator.py:_ensure_challenge_buttons:7174; mediator.py:_ensure_challenge_buttons:7182; mediator.py:_ensure_challenge_buttons:7190; mediator.py:set_phase:7877
_choice_fp_before_refresh,None,mediator.py:__init__:987; mediator.py:_policy_decision_to_hit:3366; mediator.py:_reset_choice_session:3193,
_choice_policy_doc,loaded_policy; {},mediator.py:__init__:1149; mediator.py:__init__:1154; mediator.py:__init__:1156,mediator.py:_policy_settings:3082
_choice_policy_idle,False,mediator.py:__init__:988; mediator.py:_find_reward_choice:3683; mediator.py:_ocr_reward_choice:3555; mediator.py:_policy_decision_to_hit:3326; mediator.py:_policy_decision_to_hit:3378; mediator.py:_policy_decision_to_hit:3391; mediator.py:_policy_decision_to_hit:3399; mediator.py:_reset_choice_session:3194; mediator.py:_tick_panel_fsm:13358; runtime_mediator.py:_find_reward_choice:762; runtime_mediator.py:_find_reward_choice:794,mediator.py:_find_reward_choice:3673; mediator.py:_tick_panel_fsm:13356; runtime_mediator.py:_find_reward_choice:767
_choice_policy_last_reason,'',mediator.py:__init__:989; mediator.py:_find_reward_choice:3684; mediator.py:_ocr_reward_choice:3556; mediator.py:_policy_decision_to_hit:3323; mediator.py:_reset_choice_session:3195; runtime_mediator.py:_find_reward_choice:763; runtime_mediator.py:_find_reward_choice:795,mediator.py:_ocr_reward_choice:3557; mediator.py:_tick_panel_fsm:13359
_choice_session,SessionState(),mediator.py:__init__:986; mediator.py:_bump_choice_attempts:3226; mediator.py:_record_choice_session:3208; mediator.py:_record_choice_session:3215; mediator.py:_reset_choice_session:3187; mediator.py:_sync_choice_session_refreshes:3233,mediator.py:_bump_choice_attempts:3225; mediator.py:_find_reward_choice:3700; mediator.py:_find_reward_choice:3707; mediator.py:_find_reward_choice:3786; mediator.py:_ocr_reward_choice:3516; mediator.py:_ocr_reward_choice:3531; mediator.py:_ocr_reward_choice:3538; mediator.py:_record_choice_session:3206; mediator.py:_skill_giveup_blocked:3289; mediator.py:_sync_choice_session_refreshes:3229
_close_main_line_triggered,,mediator.py:_maybe_click_tqtz:6678; mediator.py:set_phase:7883,mediator.py:_ensure_auto_task_enabled:2555; mediator.py:_maybe_close_main_line_after_5_5:6740
_confirmed_room_hwnd,None,mediator.py:__init__:721; mediator.py:_capture_best:1361; mediator.py:_capture_best:1399; mediator.py:_capture_best:1406,mediator.py:_capture_best:1360; mediator.py:_capture_best:1407; mediator.py:_capture_best:1421; mediator.py:_capture_best:1448; mediator.py:_capture_best:1479; mediator.py:_hitch_room_exit_blocked:9929; mediator.py:_tick_hitch_stall_watchdog:10673; mediator.py:_tick_lobby_hitch:10797; mediator.py:_tick_lobby_hitch:10915; mediator.py:_trace_hitch_state:12509
_context_cache_value,'UNKNOWN',mediator.py:__init__:717; mediator.py:_detect_context:1275; mediator.py:_detect_context:1279,mediator.py:_cadence_for_current_state:14960; mediator.py:_incident_meta:8452; mediator.py:_ocr_reward_choice:3580; mediator.py:_request_create_room:11423; mediator.py:_tick_impl:12787; mediator.py:_trace_tick:12449
_control_recheck_interval_s,120.0,mediator.py:__init__:902,mediator.py:_ensure_auto_task_enabled:2588; mediator.py:_ensure_auto_task_enabled:2610; mediator.py:_ensure_auto_task_enabled:2632
_create_room_attempts,0,mediator.py:__init__:876; mediator.py:_clear_create_room_request:11389; mediator.py:_request_create_room:11441; mediator.py:set_phase:7737,mediator.py:_trace_create_room_control:11381
_create_room_flow_deadline,None,mediator.py:__init__:875; mediator.py:_clear_create_room_request:11388; mediator.py:_request_create_room:11433; mediator.py:set_phase:7736,mediator.py:_request_create_room:11432; mediator.py:_request_create_room:11434; mediator.py:_tick_l0:11975; mediator.py:_tick_l0:11976
_create_room_last_candidate,None,mediator.py:__init__:878; mediator.py:_clear_create_room_request:11391; mediator.py:_request_create_room:11402; mediator.py:set_phase:7739,mediator.py:_request_create_room:11420; mediator.py:_trace_create_room_control:11376
_create_room_next_observe_at,None,mediator.py:__init__:874; mediator.py:_clear_create_room_request:11387; mediator.py:_request_create_room:11427; mediator.py:_request_create_room:11452; mediator.py:_request_create_room:11455; mediator.py:_tick_l0:11962; mediator.py:set_phase:7735,mediator.py:_tick_l0:11949; mediator.py:_tick_l0:11950; mediator.py:_tick_l0:11965; mediator.py:_tick_l0:11966
_create_room_opened_ok,False,mediator.py:__init__:877; mediator.py:_clear_create_room_request:11390; mediator.py:_request_create_room:11449; mediator.py:_tick_l0:11963; mediator.py:set_phase:7738,
_create_room_pending_since,None,mediator.py:__init__:873; mediator.py:_clear_create_room_request:11386; mediator.py:_request_create_room:11426; mediator.py:_request_create_room:11451; mediator.py:_request_create_room:11454; mediator.py:_tick_l0:11961; mediator.py:set_phase:7734,mediator.py:_capture_best:1354; mediator.py:_tick_l0:11931; mediator.py:_tick_l0:11940; mediator.py:_tick_l0:11947; mediator.py:_trace_create_room_control:11367; mediator.py:_trace_create_room_control:11368
_devour_dan_consecutive_clicks,0,mediator.py:__init__:1101; mediator.py:_advance_l1_cycle:3947; mediator.py:_advance_l1_cycle:3953; mediator.py:_maybe_use_inventory_item:4289; mediator.py:_maybe_use_inventory_item:4307; mediator.py:set_phase:8038; runtime_mediator.py:_advance_l1_cycle:249; runtime_mediator.py:_maybe_use_inventory_item:531; runtime_mediator.py:_maybe_use_inventory_item:558,mediator.py:_maybe_use_inventory_item:4284; runtime_mediator.py:_maybe_use_inventory_item:527
_devour_dan_next_at,0.0,mediator.py:__init__:1100; mediator.py:_maybe_use_inventory_item:4287; mediator.py:_tick_main_line:13729; runtime_mediator.py:_maybe_use_inventory_item:530,mediator.py:_maybe_use_inventory_item:4284; runtime_mediator.py:_maybe_use_inventory_item:527
_disconnect_count,0,mediator.py:__init__:1016; mediator.py:_record_round_outcome:8422,
_early_challenge_clicked_at,,mediator.py:_maybe_challenge_configured_boss:6337; mediator.py:_maybe_challenge_configured_boss:6363; mediator.py:_maybe_click_tqtz:6674; mediator.py:_tick_early_challenge:6688; mediator.py:set_phase:7874,mediator.py:_tick_early_challenge:6685
_early_challenge_pending,,mediator.py:_maybe_click_tqtz:6579; mediator.py:_maybe_click_tqtz:6624; mediator.py:_maybe_click_tqtz:6639; mediator.py:_maybe_click_tqtz:6672; mediator.py:_tick_early_challenge:6687; mediator.py:_tick_early_challenge:6693; mediator.py:set_phase:7872,mediator.py:_maybe_challenge_configured_boss:6336; mediator.py:_maybe_challenge_configured_boss:6362; mediator.py:_tick_early_challenge:6683
_early_challenge_started_at,,mediator.py:_maybe_click_tqtz:6673; mediator.py:set_phase:7873,mediator.py:_tick_early_challenge:6691
_entries,{},mediator.py:__init__:512; mediator.py:add:522 (item); mediator.py:clear:549 (mutation); mediator.py:discard:552 (mutation),mediator.py:__contains__:533; mediator.py:__contains__:535; mediator.py:__contains__:536; mediator.py:__iter__:546; mediator.py:__len__:542; mediator.py:add:522; mediator.py:clear:549; mediator.py:discard:552; mediator.py:prune:528; mediator.py:prune:530
_equipment_fsm,EquipmentFSM(),mediator.py:__init__:1064; mediator.py:_maybe_upgrade_equipment:4388; mediator.py:_maybe_upgrade_equipment:4402; mediator.py:_maybe_upgrade_equipment:4422,mediator.py:_maybe_upgrade_equipment:4384; mediator.py:_maybe_upgrade_equipment:4387; mediator.py:_maybe_upgrade_equipment:4388; mediator.py:_maybe_upgrade_equipment:4402; mediator.py:_maybe_upgrade_equipment:4422
_equipment_next_at,0.0,mediator.py:__init__:1062; mediator.py:_maybe_upgrade_equipment:4404; mediator.py:set_phase:8026,mediator.py:_maybe_upgrade_equipment:4397
_equipment_pending_until,0.0,mediator.py:__init__:1063; mediator.py:_maybe_upgrade_equipment:4392; mediator.py:_maybe_upgrade_equipment:4403; mediator.py:_maybe_upgrade_equipment:4429; mediator.py:_tick_main_line:13731; mediator.py:_tick_main_line:14422; mediator.py:set_phase:8027,mediator.py:_maybe_upgrade_equipment:4385
_equipment_round_current_slot,2,mediator.py:__init__:1078; mediator.py:_maybe_upgrade_equipment:4425; mediator.py:_maybe_upgrade_equipment:4427,mediator.py:_maybe_upgrade_equipment:4409; mediator.py:_maybe_upgrade_equipment:4426
_equipment_round_next_at,0.0,mediator.py:__init__:1077; mediator.py:_maybe_upgrade_equipment:4428,mediator.py:_maybe_upgrade_equipment:4408
_evidence,None,mediator.py:__init__:704; mediator.py:_ensure_evidence:1738,mediator.py:_action_gate_ok:1867; mediator.py:_ensure_evidence:1726; mediator.py:_incident_meta:8467; mediator.py:_memo:1758; mediator.py:_tick_impl:12771; mediator.py:_trace_tick:12457; mediator.py:invalidate_evidence:1747
_evolution_attempts,0,mediator.py:__init__:1080; mediator.py:_tick_main_line:14440; mediator.py:set_phase:8030,
_evolution_baseline,None,mediator.py:__init__:1082; mediator.py:set_phase:8032,
_evolution_next_at,0.0,mediator.py:__init__:1081; mediator.py:_tick_main_line:14441; mediator.py:set_phase:8031,mediator.py:_tick_main_line:14433
_evolve_awaiting_hero_pick,False,mediator.py:__init__:1095; mediator.py:_advance_l1_cycle:3946; mediator.py:_complete_evolve_hero_pick:4233; mediator.py:_tick_main_line:13727; mediator.py:_tick_main_line:14644; runtime_mediator.py:_advance_l1_cycle:243; runtime_mediator.py:_maybe_use_inventory_item:577,mediator.py:_evolve_hero_choice_pending:2379; mediator.py:_tick_main_line:14632; mediator.py:_tick_panel_fsm:13413; runtime_mediator.py:_find_evolution_choice:478
_evolve_baseline,None,mediator.py:__init__:1090; mediator.py:_tick_main_line:14643; mediator.py:_tick_main_line:14650; mediator.py:_tick_main_line:14677; mediator.py:set_phase:8016,mediator.py:_evolve_feedback_seen:4249
_evolve_click_at,0.0,mediator.py:__init__:1088; mediator.py:_tick_main_line:14676; mediator.py:set_phase:8014,mediator.py:_tick_main_line:14647
_evolve_click_cooldown_until,0.0,mediator.py:__init__:1086; mediator.py:_complete_evolve_hero_pick:4236; mediator.py:_tick_main_line:14674; mediator.py:set_phase:8012,mediator.py:_tick_main_line:14659
_evolve_fail_count,0,mediator.py:__init__:1089; mediator.py:_tick_main_line:14642; mediator.py:_tick_main_line:14651; mediator.py:_tick_main_line:14655; mediator.py:set_phase:8015,mediator.py:_tick_main_line:14652; mediator.py:_tick_main_line:14653
_evolve_feedback_pending,False,mediator.py:__init__:1087; mediator.py:_complete_evolve_hero_pick:4235; mediator.py:_tick_main_line:14641; mediator.py:_tick_main_line:14649; mediator.py:_tick_main_line:14675; mediator.py:set_phase:8013,mediator.py:_evolve_hero_choice_pending:2380; mediator.py:_tick_main_line:14638; runtime_mediator.py:_find_evolution_choice:479
_evolve_feedback_window_s,3.0,mediator.py:__init__:1091,mediator.py:_tick_main_line:14647
_evolve_ok_this_cycle,False,mediator.py:__init__:1094; mediator.py:_advance_l1_cycle:3945; mediator.py:_complete_evolve_hero_pick:4234; mediator.py:set_phase:8033; runtime_mediator.py:_advance_l1_cycle:242,mediator.py:_maybe_use_inventory_item:4311; runtime_mediator.py:_maybe_use_inventory_item:560
_exit_button_attempts,0,mediator.py:__init__:965; mediator.py:_hitch_soft_reset:9990; mediator.py:_tick_l1_tail:14784; mediator.py:_tick_l1_tail:14798; mediator.py:set_phase:8040,mediator.py:_tick_l1_tail:14781; mediator.py:_tick_l1_tail:14799
_exit_confirm_attempts,0,mediator.py:__init__:966; mediator.py:_hitch_soft_reset:9991; mediator.py:_tick_l1_tail:14808; mediator.py:_tick_l1_tail:14819; mediator.py:set_phase:8043,mediator.py:_tick_l1_tail:14805; mediator.py:_tick_l1_tail:14820
_exit_since,None,mediator.py:__init__:967; mediator.py:_hitch_soft_reset:9992; mediator.py:_tick_l1_tail:14785; mediator.py:_tick_l1_tail:14809; mediator.py:set_phase:8041; mediator.py:set_phase:8044,mediator.py:_tick_l1_tail:14775
_f1_fallback_done,False,mediator.py:__init__:664; mediator.py:_tick_l1_tail:14829; mediator.py:set_phase:8049,
_f1_live,False,mediator.py:__init__:1109; mediator.py:_panel_f1_shadow_record:13197,mediator.py:_panel_f1_shadow_record:13187; mediator.py:_trace_tick:12477
_f1_shadow_correct,0,mediator.py:__init__:1107; mediator.py:_panel_f1_shadow_record:13193; mediator.py:_panel_f1_shadow_record:13199,mediator.py:_panel_f1_shadow_record:13195; mediator.py:_trace_tick:12478
_f1_shadow_misfire,0,mediator.py:__init__:1108; mediator.py:_panel_f1_shadow_record:13194; mediator.py:_panel_f1_shadow_record:13200,mediator.py:_panel_f1_shadow_record:13201; mediator.py:_trace_tick:12479
_fail_gift_attempts,0,mediator.py:__init__:1079; mediator.py:set_phase:8029,
_failure_candidate_frames,0,mediator.py:__init__:1000; mediator.py:_tick_impl:12838; mediator.py:_tick_impl:12841; mediator.py:_tick_impl:12844; mediator.py:_tick_impl:12856; mediator.py:set_phase:7979,mediator.py:_cadence_for_current_state:14956; mediator.py:_tick_impl:12846; mediator.py:_tick_impl:12847
_failure_candidate_gen,None,mediator.py:__init__:1002; mediator.py:_tick_impl:12845; mediator.py:_tick_impl:12858; mediator.py:set_phase:7981,
_failure_candidate_kind,None,mediator.py:__init__:1001; mediator.py:_tick_impl:12842; mediator.py:_tick_impl:12857; mediator.py:set_phase:7980,mediator.py:_tick_impl:12840
_failure_count,0,mediator.py:__init__:1015; mediator.py:_record_round_outcome:8420,
_failure_streak,0,mediator.py:__init__:1018; mediator.py:_record_round_outcome:8416; mediator.py:_record_round_outcome:8425,mediator.py:_record_round_outcome:8426; mediator.py:_tick_l0:11848; mediator.py:_tick_l0:11849; mediator.py:_trace_tick:12472
_fetter_labels,"{str(k): str(v) for k, v in raw_fetters.items() if not str(k).startswith('_') and isinstance(v, str)}; {}",mediator.py:__init__:1136; mediator.py:__init__:1140; mediator.py:__init__:1146,mediator.py:_bond_template_preferences:3090; mediator.py:_bond_template_preferences:3098; mediator.py:_fill_bond_slots_by_title_template:2983; mediator.py:_policy_settings:3081; mediator.py:_stage_bond_card:3157; runtime_mediator.py:_canonical_bond_name:627
_follow_sm,FollowTeamSM(),mediator.py:__init__:870,mediator.py:_tick_follow_team:10263
_game_chat_close_attempts,0,mediator.py:__init__:831; mediator.py:_maybe_close_game_chat:6928; mediator.py:_maybe_close_game_chat:6942,mediator.py:_maybe_close_game_chat:6933
_game_chat_close_next_at,0.0,mediator.py:__init__:832; mediator.py:_maybe_close_game_chat:6943,mediator.py:_maybe_close_game_chat:6938
_game_chat_frames,0,mediator.py:__init__:830; mediator.py:_maybe_close_game_chat:6927; mediator.py:_maybe_close_game_chat:6932; mediator.py:_maybe_close_game_chat:6944,mediator.py:_maybe_close_game_chat:6932; mediator.py:_maybe_close_game_chat:6936
_game_chat_last_frame,None,mediator.py:__init__:833; mediator.py:_maybe_close_game_chat:6931,mediator.py:_maybe_close_game_chat:6930
_habit_preference,loaded_habit; {},mediator.py:__init__:1166; mediator.py:__init__:1170; mediator.py:__init__:1172,mediator.py:__init__:1173
_habit_skill_scores,"habit_scores_for_panel(self._habit_preference, 'skill')",mediator.py:__init__:1173,mediator.py:_policy_settings:3083
_heirloom_boss_clicked_at,None,mediator.py:__init__:932; mediator.py:_maybe_challenge_configured_boss:6361; mediator.py:set_phase:7949,mediator.py:_heirloom_boss_confirm_expired:6376; mediator.py:_maybe_challenge_configured_boss:6234
_heirloom_boss_confirm_unconfirmed,False,mediator.py:__init__:933; mediator.py:_heirloom_boss_confirm_expired:6381; mediator.py:set_phase:7950,
_hero_card_baseline,None,mediator.py:__init__:1117; mediator.py:_begin_hero_setup:7387; mediator.py:_tick_hero_setup:7550; mediator.py:_tick_hero_setup:7613; mediator.py:_tick_hero_setup:7675; mediator.py:set_phase:7781,mediator.py:_tick_hero_setup:7583; mediator.py:_tick_hero_setup:7585; mediator.py:_tick_hero_setup:7645
_hero_focus_last_frame_id,,mediator.py:_maybe_ensure_hero_panel_focus:6515; mediator.py:_maybe_ensure_hero_panel_focus:6529; mediator.py:_maybe_ensure_hero_panel_focus:6536; mediator.py:_maybe_ensure_hero_panel_focus:6545; mediator.py:_maybe_ensure_hero_panel_focus:6555,mediator.py:_maybe_ensure_hero_panel_focus:6540
_hero_focus_lost_count,,mediator.py:_maybe_ensure_hero_panel_focus:6514; mediator.py:_maybe_ensure_hero_panel_focus:6528; mediator.py:_maybe_ensure_hero_panel_focus:6535; mediator.py:_maybe_ensure_hero_panel_focus:6546; mediator.py:_maybe_ensure_hero_panel_focus:6554; mediator.py:set_phase:7870,mediator.py:_maybe_ensure_hero_panel_focus:6546; mediator.py:_maybe_ensure_hero_panel_focus:6547
_hero_focus_next_check_at,,mediator.py:_maybe_ensure_hero_panel_focus:6524; mediator.py:_maybe_ensure_hero_panel_focus:6556; mediator.py:set_phase:7871,mediator.py:_maybe_ensure_hero_panel_focus:6507
_hero_level_baseline,None,mediator.py:__init__:1115; mediator.py:_begin_hero_setup:7385; mediator.py:_tick_hero_setup:7549; mediator.py:_tick_hero_setup:7593; mediator.py:_tick_hero_setup:7673; mediator.py:set_phase:7779,mediator.py:_tick_hero_setup:7559; mediator.py:_tick_hero_setup:7561
_hero_level_candidate,None,mediator.py:__init__:1116; mediator.py:_begin_hero_setup:7386; mediator.py:_tick_hero_setup:7565; mediator.py:_tick_hero_setup:7575; mediator.py:_tick_hero_setup:7674; mediator.py:set_phase:7780,mediator.py:_tick_hero_setup:7571; mediator.py:_tick_hero_setup:7573
_hero_modal_missing_frames,0,mediator.py:__init__:1119; mediator.py:_begin_hero_setup:7388; mediator.py:_tick_hero_setup:7627; mediator.py:_tick_hero_setup:7685; mediator.py:_tick_hero_setup:7688; mediator.py:set_phase:7783,mediator.py:_tick_hero_setup:7689
_hero_plan,,mediator.py:_begin_hero_setup:7366,mediator.py:_current_faction_spec:7512; mediator.py:_tick_hero_setup:7533
_hero_plan_index,,mediator.py:_begin_hero_setup:7367; mediator.py:_tick_hero_setup:7618,mediator.py:_current_faction_spec:7513; mediator.py:_tick_hero_setup:7534; mediator.py:_tick_hero_setup:7580; mediator.py:_tick_hero_setup:7635; mediator.py:_tick_hero_setup:7661
_hero_select_retries,,mediator.py:_tick_hero_setup:7651; mediator.py:_tick_hero_setup:7655; mediator.py:_tick_hero_setup:7671,mediator.py:_tick_hero_setup:7650
_hero_state,'IDLE',mediator.py:__init__:1113; mediator.py:_begin_hero_setup:7383; mediator.py:_tick_hero_setup:7554; mediator.py:_tick_hero_setup:7566; mediator.py:_tick_hero_setup:7598; mediator.py:_tick_hero_setup:7619; mediator.py:_tick_hero_setup:7626; mediator.py:_tick_hero_setup:7679; mediator.py:_tick_hero_setup:7692; mediator.py:_tick_hero_setup:7700; mediator.py:set_phase:7777,mediator.py:_tick_hero_setup:7527; mediator.py:_tick_hero_setup:7537; mediator.py:_tick_hero_setup:7558; mediator.py:_tick_hero_setup:7570; mediator.py:_tick_hero_setup:7631; mediator.py:_tick_hero_setup:7683; mediator.py:_tick_hero_setup:7696; mediator.py:_tick_hero_setup:7708
_hero_step_deadline,None,mediator.py:__init__:1118; mediator.py:_begin_hero_setup:7389; mediator.py:_tick_hero_setup:7555; mediator.py:_tick_hero_setup:7567; mediator.py:_tick_hero_setup:7599; mediator.py:_tick_hero_setup:7620; mediator.py:_tick_hero_setup:7628; mediator.py:_tick_hero_setup:7643; mediator.py:_tick_hero_setup:7669; mediator.py:_tick_hero_setup:7680; mediator.py:_tick_hero_setup:7693; mediator.py:set_phase:7782,mediator.py:_tick_hero_setup:7526
_hero_verified_level,0,mediator.py:__init__:1114; mediator.py:_begin_hero_setup:7384; mediator.py:_tick_hero_setup:7579; mediator.py:_tick_hero_setup:7672; mediator.py:set_phase:7778,mediator.py:_tick_hero_setup:7580; mediator.py:_tick_hero_setup:7591; mediator.py:_tick_hero_setup:7592; mediator.py:_tick_hero_setup:7595
_hitch_blacklisted_room_keys,AgingBlacklist(ttl_s=1800.0),mediator.py:__init__:790; mediator.py:_hitch_quit_misopened_stage:10226 (mutation); mediator.py:_hitch_reset_lobby:10248 (mutation); mediator.py:_tick_hitch_platform_prompt:10560 (mutation); mediator.py:_tick_lobby_hitch:10889 (mutation); mediator.py:_tick_lobby_hitch:10962 (mutation); mediator.py:_tick_lobby_hitch:11023 (mutation); mediator.py:_tick_main_line:13832 (mutation),mediator.py:_find_hitch_joinable_row:8917; mediator.py:_hitch_quit_misopened_stage:10226; mediator.py:_hitch_reset_lobby:10248; mediator.py:_tick_hitch_platform_prompt:10560; mediator.py:_tick_lobby_hitch:10889; mediator.py:_tick_lobby_hitch:10962; mediator.py:_tick_lobby_hitch:11023; mediator.py:_tick_main_line:13832
_hitch_dwell_room_left,False,mediator.py:__init__:845; mediator.py:_hitch_dwell_cap_hit:10092; mediator.py:_hitch_dwell_cap_hit:10107,mediator.py:_hitch_dwell_cap_hit:10106
_hitch_floor_exit_attempted_at,None,mediator.py:__init__:794; mediator.py:_hitch_after_exit:10185; mediator.py:_hitch_begin_room_exit:9909; mediator.py:_tick_lobby_hitch:10965,mediator.py:_tick_lobby_hitch:10978
_hitch_floor_exit_clicks,0,mediator.py:__init__:802; mediator.py:_hitch_after_exit:10190; mediator.py:_hitch_begin_room_exit:9912,mediator.py:_hitch_begin_room_exit:9912; mediator.py:_hitch_room_exit_blocked:9926; mediator.py:_tick_lobby_hitch:10979; mediator.py:_tick_lobby_hitch:10995; mediator.py:_trace_hitch_state:12511
_hitch_floor_exit_confirm_at,None,mediator.py:__init__:804; mediator.py:_hitch_after_exit:10192; mediator.py:_tick_lobby_hitch:10891,mediator.py:_tick_lobby_hitch:10876
_hitch_floor_exit_confirm_clicks,0,mediator.py:__init__:803; mediator.py:_hitch_after_exit:10191; mediator.py:_tick_lobby_hitch:10892,mediator.py:_hitch_room_exit_blocked:9927; mediator.py:_tick_lobby_hitch:10877; mediator.py:_trace_hitch_state:12512
_hitch_floor_exit_confirmed,False,mediator.py:__init__:793; mediator.py:_hitch_after_exit:10184; mediator.py:_hitch_begin_room_exit:9908; mediator.py:_tick_lobby_hitch:10890; mediator.py:_tick_lobby_hitch:10964,mediator.py:_tick_lobby_hitch:10875; mediator.py:_tick_lobby_hitch:10983
_hitch_floor_exit_deadline,None,mediator.py:__init__:795; mediator.py:_hitch_after_exit:10186; mediator.py:_hitch_begin_room_exit:9913; mediator.py:_tick_lobby_hitch:10844; mediator.py:_tick_lobby_hitch:10966,mediator.py:_record_lobby_observation_incident:8584; mediator.py:_tick_lobby_hitch:10827
_hitch_floor_exit_input_generation,None,mediator.py:__init__:796; mediator.py:_hitch_after_exit:10187; mediator.py:_hitch_begin_room_exit:9914; mediator.py:_tick_lobby_hitch:10893; mediator.py:_tick_lobby_hitch:10967,mediator.py:_tick_lobby_hitch:10807; mediator.py:_tick_lobby_hitch:10957
_hitch_floor_exit_pending,False,mediator.py:__init__:792; mediator.py:_hitch_after_exit:10183; mediator.py:_hitch_begin_room_exit:9907; mediator.py:_tick_lobby_hitch:10963,mediator.py:_capture_best:1358; mediator.py:_tick_hitch_platform_prompt:10546; mediator.py:_tick_hitch_stall_watchdog:10664; mediator.py:_tick_l0:11821; mediator.py:_tick_lobby_hitch:10796; mediator.py:_tick_lobby_hitch:10940; mediator.py:_trace_hitch_state:12510
_hitch_floor_exit_reobserve_until,None,mediator.py:__init__:797; mediator.py:_hitch_after_exit:10188; mediator.py:_hitch_begin_room_exit:9915; mediator.py:_tick_lobby_hitch:10843; mediator.py:_tick_lobby_hitch:10856; mediator.py:_tick_lobby_hitch:10968,mediator.py:_tick_lobby_hitch:10833; mediator.py:_tick_lobby_hitch:10853; mediator.py:_tick_lobby_hitch:10854
_hitch_floor_exit_started_at,None,mediator.py:__init__:801; mediator.py:_hitch_after_exit:10189; mediator.py:_hitch_begin_room_exit:9911,mediator.py:_hitch_begin_room_exit:9910; mediator.py:_tick_lobby_hitch:10817
_hitch_floor_one_baseline,None,mediator.py:__init__:811; mediator.py:_hitch_after_exit:10197; mediator.py:_hitch_track_room_seats:9464,mediator.py:_hitch_room_seat_decision:9501; mediator.py:_hitch_track_room_seats:9455; mediator.py:_trace_hitch_state:12515
_hitch_floor_one_candidate,None,mediator.py:__init__:812; mediator.py:_hitch_after_exit:10198; mediator.py:_hitch_track_room_seats:9466,mediator.py:_hitch_track_room_seats:9458
_hitch_game_exit_at,None,mediator.py:__init__:854; mediator.py:_finish_hitch_round:10234,mediator.py:see:1569
_hitch_heirloom_exit_since,None,mediator.py:__init__:934; mediator.py:_hitch_after_exit:10209; mediator.py:_tick_main_line:13762; mediator.py:_tick_main_line:13768; mediator.py:_tick_main_line:13778; mediator.py:_tick_main_line:13951; mediator.py:_tick_main_line:14257,mediator.py:_tick_main_line:13689; mediator.py:_tick_main_line:13736; mediator.py:_tick_main_line:13756; mediator.py:_tick_main_line:13950
_hitch_hit_override,None,mediator.py:__init__:764,mediator.py:_hitch_action_hit:9840
_hitch_instance_announced,False,mediator.py:__init__:837; mediator.py:_tick_main_line:13747; mediator.py:_tick_main_line:14260; mediator.py:set_phase:7893,mediator.py:_tick_main_line:13746
_hitch_instance_frames,0,mediator.py:__init__:836; mediator.py:_hitch_left_plaza:6102; mediator.py:_hitch_left_plaza:6107; mediator.py:_hitch_left_plaza:6111; mediator.py:_hitch_left_plaza:6117; mediator.py:_tick_main_line:14259; mediator.py:set_phase:7892,mediator.py:_hitch_left_plaza:6117; mediator.py:_hitch_left_plaza:6118
_hitch_instance_last_frame,None,mediator.py:__init__:838; mediator.py:_hitch_left_plaza:6103; mediator.py:_hitch_left_plaza:6108; mediator.py:_hitch_left_plaza:6112; mediator.py:_hitch_left_plaza:6116; mediator.py:set_phase:7894,mediator.py:_hitch_left_plaza:6115
_hitch_instance_seen,False,mediator.py:__init__:835; mediator.py:_hitch_left_plaza:6099; mediator.py:_hitch_left_plaza:6119; mediator.py:_tick_main_line:14258; mediator.py:set_phase:7891,mediator.py:_hitch_left_plaza:6095; mediator.py:_hitch_left_plaza:6120
_hitch_join_origin_hwnd,None,mediator.py:__init__:776; mediator.py:_hitch_after_exit:10178; mediator.py:_tick_lobby_hitch:11081; mediator.py:_tick_lobby_hitch:11271,mediator.py:_capture_best:1452; mediator.py:_tick_lobby_hitch:10933; mediator.py:_trace_hitch_state:12508
_hitch_join_preexisting_hwnds,frozenset(),mediator.py:__init__:819; mediator.py:_hitch_after_exit:10201; mediator.py:_tick_lobby_hitch:11272,mediator.py:_capture_best:1453
_hitch_join_refresh_count,0,mediator.py:__init__:768; mediator.py:_tick_lobby_hitch:11082; mediator.py:_tick_lobby_hitch:11306,
_hitch_lobby_home_override,None,mediator.py:__init__:765,mediator.py:_hitch_lobby_home_visible:9877
_hitch_match_override,None,mediator.py:__init__:763,mediator.py:_hitch_room_matched:9832
_hitch_member_room_hwnd,None,mediator.py:__init__:809; mediator.py:_hitch_after_exit:10194; mediator.py:_tick_lobby_hitch:11108,mediator.py:_tick_lobby_hitch:11175
_hitch_nav_clicks,0,mediator.py:__init__:827; mediator.py:_hitch_nav_reset:10327; mediator.py:_tick_hitch_kk_nav:10384,mediator.py:_tick_hitch_kk_nav:10352; mediator.py:_tick_hitch_kk_nav:10387
_hitch_nav_input_generation,None,mediator.py:__init__:829; mediator.py:_hitch_nav_reset:10329; mediator.py:_tick_hitch_kk_nav:10385,mediator.py:_tick_hitch_kk_nav:10344
_hitch_nav_last_click_at,None,mediator.py:__init__:828; mediator.py:_hitch_nav_reset:10328; mediator.py:_tick_hitch_kk_nav:10382,mediator.py:_tick_hitch_kk_nav:10348
_hitch_nav_since,None,mediator.py:__init__:826; mediator.py:_hitch_nav_reset:10326; mediator.py:_tick_hitch_kk_nav:10342,mediator.py:_tick_hitch_kk_nav:10341; mediator.py:_tick_hitch_kk_nav:10353; mediator.py:_tick_lobby_hitch:11195
_hitch_ocr_override,None,mediator.py:__init__:762,mediator.py:_hitch_ocr_text:9543
_hitch_opening_pressure_armed,False,mediator.py:__init__:862; mediator.py:_hitch_after_exit:10208; mediator.py:_hitch_arm_opening_pressure:6850; mediator.py:_tick_lobby_hitch:10721,mediator.py:_hitch_arm_opening_pressure:6848
_hitch_pending_room_key,None,mediator.py:__init__:791; mediator.py:_hitch_after_exit:10179; mediator.py:_tick_lobby_hitch:11024; mediator.py:_tick_lobby_hitch:11276,mediator.py:_hitch_quit_misopened_stage:10225; mediator.py:_hitch_quit_misopened_stage:10226; mediator.py:_hitch_reset_lobby:10247; mediator.py:_hitch_reset_lobby:10248; mediator.py:_hitch_reset_lobby:10249; mediator.py:_tick_hitch_platform_prompt:10559; mediator.py:_tick_hitch_platform_prompt:10560; mediator.py:_tick_lobby_hitch:10888; mediator.py:_tick_lobby_hitch:10889; mediator.py:_tick_lobby_hitch:10961; mediator.py:_tick_lobby_hitch:10962; mediator.py:_tick_lobby_hitch:11022; mediator.py:_tick_lobby_hitch:11023; mediator.py:_tick_lobby_hitch:11123; mediator.py:_tick_lobby_hitch:11281; mediator.py:_tick_main_line:13831; mediator.py:_tick_main_line:13832
_hitch_pending_row_y,None,mediator.py:__init__:775; mediator.py:_hitch_after_exit:10177; mediator.py:_hitch_begin_room_exit:9906; mediator.py:_hitch_reject_pending_join:9888; mediator.py:_tick_lobby_hitch:11106; mediator.py:_tick_lobby_hitch:11275; mediator.py:_tick_lobby_hitch:11304,mediator.py:_hitch_begin_room_exit:9904; mediator.py:_hitch_begin_room_exit:9905; mediator.py:_hitch_reject_pending_join:9886; mediator.py:_hitch_reject_pending_join:9887
_hitch_platform_modal_input_frame,None,mediator.py:__init__:784; mediator.py:_tick_hitch_platform_modal:9662; mediator.py:_tick_hitch_platform_modal:9686; mediator.py:_tick_hitch_platform_modal:9711; mediator.py:_tick_hitch_platform_modal:9730,
_hitch_platform_modal_input_observation,None,mediator.py:__init__:785; mediator.py:_tick_hitch_platform_modal:9663; mediator.py:_tick_hitch_platform_modal:9687; mediator.py:_tick_hitch_platform_modal:9712; mediator.py:_tick_hitch_platform_modal:9731,mediator.py:_tick_hitch_platform_modal:9659
_hitch_platform_modal_last_action,None,mediator.py:__init__:786; mediator.py:_tick_hitch_platform_modal:9664; mediator.py:_tick_hitch_platform_modal:9688; mediator.py:_tick_hitch_platform_modal:9713; mediator.py:_tick_hitch_platform_modal:9725; mediator.py:_tick_hitch_platform_modal:9728,mediator.py:_tick_hitch_platform_modal:9723
_hitch_platform_modal_reacquire_attempts,0,mediator.py:__init__:788; mediator.py:_tick_hitch_platform_modal:9668; mediator.py:_tick_hitch_platform_modal:9690,mediator.py:_tick_hitch_platform_modal:9689; mediator.py:_tick_hitch_platform_modal:9709
_hitch_platform_modal_reobserve_until,None,mediator.py:__init__:787; mediator.py:_tick_hitch_platform_modal:9667; mediator.py:_tick_hitch_platform_modal:9685; mediator.py:_tick_hitch_platform_modal:9710,mediator.py:_tick_hitch_platform_modal:9680
_hitch_platform_prompt_click_at,None,mediator.py:__init__:780; mediator.py:_tick_hitch_platform_prompt:10557; mediator.py:_tick_hitch_platform_prompt:10579,mediator.py:_tick_hitch_platform_prompt:10574
_hitch_platform_prompt_input_observation,,mediator.py:_tick_hitch_platform_prompt:10556; mediator.py:_tick_hitch_platform_prompt:10582,mediator.py:_tick_hitch_platform_prompt:10550
_hitch_platform_prompt_pending,,mediator.py:_tick_hitch_platform_prompt:10558; mediator.py:_tick_hitch_platform_prompt:10583,mediator.py:_tick_hitch_stall_watchdog:10682
_hitch_popup_esc_attempts,0,mediator.py:__init__:778; mediator.py:_tick_hitch_platform_modal:9665; mediator.py:_tick_hitch_platform_modal:9721,mediator.py:_hitch_popup_esc_budget:9582; mediator.py:_tick_hitch_platform_modal:9703
_hitch_popup_esc_last_at,None,mediator.py:__init__:779; mediator.py:_tick_hitch_platform_modal:9666; mediator.py:_tick_hitch_platform_modal:9714; mediator.py:_tick_hitch_platform_modal:9722,mediator.py:_hitch_popup_esc_budget:9584
_hitch_postgame_hero_selected,False,mediator.py:__init__:938; mediator.py:_tick_main_line:14038; mediator.py:set_phase:7953,mediator.py:_tick_main_line:14036
_hitch_postgame_returned_to_base,False,mediator.py:__init__:939; mediator.py:_tick_main_line:14138; mediator.py:set_phase:7954,mediator.py:_tick_main_line:14136
_hitch_postgame_started_at,None,mediator.py:__init__:912; mediator.py:_hitch_after_exit:10210; mediator.py:_observe_secret_realm_entry:13632; mediator.py:_tick_main_line:13679; mediator.py:_tick_main_line:13694; mediator.py:_tick_main_line:13745; mediator.py:_tick_main_line:13894; mediator.py:set_phase:7931,mediator.py:_tick_main_line:13678; mediator.py:_tick_main_line:13680
_hitch_pre_ready_rows,None,mediator.py:__init__:808; mediator.py:_hitch_after_exit:10195; mediator.py:_hitch_note_pre_ready_rows:9474,mediator.py:_hitch_track_room_seats:9445
_hitch_pressure_click_at,None,mediator.py:__init__:865; mediator.py:_maybe_click_hitch_pressure_transfer:6813; mediator.py:_maybe_click_hitch_pressure_transfer:6824; mediator.py:set_phase:7915,mediator.py:_maybe_click_hitch_pressure_transfer:6805
_hitch_pressure_core_failed,,mediator.py:set_phase:7920,
_hitch_pressure_request_attempts,,mediator.py:_maybe_click_hitch_pressure_transfer:6825; mediator.py:set_phase:7919,mediator.py:_maybe_click_hitch_pressure_transfer:6826
_hitch_pressure_request_generation,None,mediator.py:__init__:867; mediator.py:_maybe_click_hitch_pressure_transfer:6829; mediator.py:set_phase:7917,mediator.py:_maybe_click_hitch_pressure_transfer:6810
_hitch_pressure_retry_count,0,mediator.py:__init__:868; mediator.py:set_phase:7918,
_hitch_pressure_seen_since,None,mediator.py:__init__:866; mediator.py:_maybe_click_hitch_pressure_transfer:6815; mediator.py:_maybe_click_hitch_pressure_transfer:6820; mediator.py:set_phase:7916,mediator.py:_maybe_click_hitch_pressure_transfer:6818
_hitch_pressure_transferred,,mediator.py:_maybe_click_hitch_pressure_transfer:6812; mediator.py:set_phase:7914,
_hitch_re_search,False,mediator.py:__init__:766; mediator.py:_hitch_after_exit:10170; mediator.py:_hitch_reset_lobby:10252; mediator.py:_tick_l0:11839; mediator.py:_tick_lobby_hitch:10742; mediator.py:_tick_lobby_hitch:10969; mediator.py:_tick_lobby_hitch:10971; mediator.py:_tick_lobby_hitch:11078; mediator.py:_tick_lobby_hitch:11174,mediator.py:_tick_lobby_hitch:11077; mediator.py:_tick_lobby_hitch:11173
_hitch_ready_confirmed_at,None,mediator.py:__init__:858; mediator.py:_hitch_after_exit:10207; mediator.py:_tick_lobby_hitch:11121,mediator.py:_hitch_arm_opening_pressure:6847; mediator.py:_hitch_room_seat_decision:9492; mediator.py:_tick_lobby_hitch:10722; mediator.py:_tick_lobby_hitch:11085; mediator.py:_tick_lobby_hitch:11118; mediator.py:_tick_lobby_hitch:11176
_hitch_ready_timeout_attempts,,mediator.py:_hitch_after_exit:10205; mediator.py:_hitch_liveness_leave:10127; mediator.py:_tick_lobby_hitch:11010; mediator.py:_tick_lobby_hitch:11026; mediator.py:_tick_lobby_hitch:11042; mediator.py:_tick_lobby_hitch:11071; mediator.py:_tick_lobby_hitch:11093,mediator.py:_tick_lobby_hitch:11048
_hitch_ready_timeout_deadline,,mediator.py:_hitch_after_exit:10206; mediator.py:_hitch_liveness_leave:10128; mediator.py:_tick_lobby_hitch:11011; mediator.py:_tick_lobby_hitch:11027; mediator.py:_tick_lobby_hitch:11043; mediator.py:_tick_lobby_hitch:11094,mediator.py:_tick_lobby_hitch:11047
_hitch_ready_timeout_leave_at,None,mediator.py:__init__:857; mediator.py:_hitch_after_exit:10204; mediator.py:_hitch_liveness_leave:10126; mediator.py:_tick_lobby_hitch:10726; mediator.py:_tick_lobby_hitch:11070; mediator.py:_tick_lobby_hitch:11092,mediator.py:_tick_lobby_hitch:11063
_hitch_ready_timeout_pending,False,mediator.py:__init__:856; mediator.py:_hitch_after_exit:10203; mediator.py:_hitch_liveness_leave:10125; mediator.py:_tick_lobby_hitch:10725; mediator.py:_tick_lobby_hitch:11009; mediator.py:_tick_lobby_hitch:11025; mediator.py:_tick_lobby_hitch:11041; mediator.py:_tick_lobby_hitch:11050; mediator.py:_tick_lobby_hitch:11091,mediator.py:_tick_lobby_hitch:10724; mediator.py:_tick_lobby_hitch:10736; mediator.py:_tick_lobby_hitch:11004; mediator.py:_tick_lobby_hitch:11089; mediator.py:_trace_hitch_state:12513
_hitch_refresh_required,False,mediator.py:__init__:869; mediator.py:_hitch_after_exit:10176; mediator.py:_hitch_reject_pending_join:9892; mediator.py:_hitch_soft_reset:9975; mediator.py:_tick_lobby_hitch:11302,mediator.py:_tick_lobby_hitch:11245
_hitch_rejected_row_ys,set(),mediator.py:__init__:774; mediator.py:_hitch_after_exit:10211 (mutation); mediator.py:_hitch_begin_room_exit:9905 (mutation); mediator.py:_hitch_reject_pending_join:9887 (mutation); mediator.py:_tick_hitch_search:10460 (mutation); mediator.py:_tick_lobby_hitch:11303 (mutation),mediator.py:_find_hitch_joinable_row:8913; mediator.py:_hitch_after_exit:10211; mediator.py:_hitch_begin_room_exit:9905; mediator.py:_hitch_reject_pending_join:9887; mediator.py:_tick_hitch_search:10460; mediator.py:_tick_lobby_hitch:11303
_hitch_room_window_hwnd,None,mediator.py:__init__:783; mediator.py:_tick_hitch_stall_watchdog:10671,mediator.py:_tick_hitch_stall_watchdog:10694
_hitch_search,None,mediator.py:__init__:771; mediator.py:_hitch_after_exit:10175; mediator.py:_hitch_soft_reset:9974; mediator.py:_tick_hitch_kk_nav:10386; mediator.py:_tick_hitch_room_list_tab:10405; mediator.py:_tick_hitch_search:10455; mediator.py:_tick_hitch_search:10487; mediator.py:_tick_hitch_search:10509; mediator.py:_tick_lobby_hitch:11300,mediator.py:_hitch_prefix_ok:9556; mediator.py:_tick_hitch_search:10447
_hitch_search_actions,[],mediator.py:__init__:871; mediator.py:_tick_hitch_platform_modal:9671 (mutation); mediator.py:_tick_hitch_platform_prompt:10563 (mutation); mediator.py:_tick_impl:12655 (mutation); mediator.py:_tick_lobby_hitch:10774 (mutation); mediator.py:_tick_lobby_hitch:10932 (mutation); mediator.py:_tick_lobby_hitch:11277 (mutation); mediator.py:_tick_lobby_hitch:11305 (mutation),mediator.py:_tick_hitch_platform_modal:9671; mediator.py:_tick_hitch_platform_prompt:10563; mediator.py:_tick_impl:12655; mediator.py:_tick_lobby_hitch:10774; mediator.py:_tick_lobby_hitch:10932; mediator.py:_tick_lobby_hitch:11277; mediator.py:_tick_lobby_hitch:11305
_hitch_search_ocr_error_logged_at,0.0,mediator.py:__init__:773; mediator.py:_hitch_search_prefix_confirmed:9825,mediator.py:_hitch_search_prefix_confirmed:9823
_hitch_search_ocr_next_at,0.0,mediator.py:__init__:772; mediator.py:_hitch_search_prefix_confirmed:9804,mediator.py:_hitch_search_prefix_confirmed:9802
_hitch_seat_generation,None,mediator.py:__init__:815; mediator.py:_hitch_after_exit:10200; mediator.py:_hitch_track_room_seats:9440,mediator.py:_hitch_track_room_seats:9438
_hitch_seat_streak,None,mediator.py:__init__:814; mediator.py:_hitch_after_exit:10199; mediator.py:_hitch_soft_reset:9994; mediator.py:_tick_lobby_hitch:11139; mediator.py:_tick_lobby_hitch:11159,mediator.py:_tick_lobby_hitch:11132; mediator.py:_trace_hitch_state:12517
_hitch_self_row,None,mediator.py:__init__:810; mediator.py:_hitch_after_exit:10196; mediator.py:_hitch_note_pre_ready_rows:9478; mediator.py:_hitch_track_room_seats:9453,mediator.py:_hitch_note_pre_ready_rows:9475; mediator.py:_hitch_note_pre_ready_rows:9479; mediator.py:_hitch_room_seat_decision:9499; mediator.py:_hitch_track_room_seats:9446; mediator.py:_hitch_track_room_seats:9454; mediator.py:_trace_hitch_state:12514
_hitch_sm,"HitchSearchSM(prefix=prefix_list[0] if prefix_list else '3', prefixes=prefix_list or ['3'], rotate_interval=rotate_int, join_limit=search_budget, refresh_s_min=refresh_lo, refresh_s_max=refresh_hi)",mediator.py:__init__:754; mediator.py:_hitch_after_exit:10171; mediator.py:_hitch_soft_reset:9973,mediator.py:_capture_best:1357; mediator.py:_hitch_declared_wait_until:10004; mediator.py:_hitch_declared_wait_until:10005; mediator.py:_hitch_reject_pending_join:9891; mediator.py:_new_hitch_sm:10157; mediator.py:_new_hitch_sm:10158; mediator.py:_new_hitch_sm:10159; mediator.py:_new_hitch_sm:10160; mediator.py:_new_hitch_sm:10161; mediator.py:_new_hitch_sm:10162; mediator.py:_new_hitch_sm:10163; mediator.py:_new_hitch_sm:10164; mediator.py:_new_hitch_sm:10165; mediator.py:_tick_hitch_platform_modal:9669; mediator.py:_tick_hitch_platform_prompt:10561; mediator.py:_tick_hitch_room_list_tab:10402; mediator.py:_tick_hitch_room_list_tab:10411; mediator.py:_tick_hitch_room_list_tab:10419; mediator.py:_tick_hitch_room_list_tab:10423; mediator.py:_tick_hitch_room_list_tab:10437; mediator.py:_tick_hitch_search:10450; mediator.py:_tick_hitch_search:10467; mediator.py:_tick_hitch_search:10475; mediator.py:_tick_hitch_search:10476; mediator.py:_tick_hitch_search:10479; mediator.py:_tick_hitch_search:10481; mediator.py:_tick_hitch_search:10501; mediator.py:_tick_impl:12643; mediator.py:_tick_lobby_hitch:10767; mediator.py:_tick_lobby_hitch:10923; mediator.py:_tick_lobby_hitch:10925; mediator.py:_tick_lobby_hitch:10926; mediator.py:_tick_lobby_hitch:11079; mediator.py:_tick_lobby_hitch:11080; mediator.py:_tick_lobby_hitch:11082; mediator.py:_tick_lobby_hitch:11112; mediator.py:_tick_lobby_hitch:11155; mediator.py:_tick_lobby_hitch:11198; mediator.py:_tick_lobby_hitch:11219; mediator.py:_tick_lobby_hitch:11220; mediator.py:_tick_lobby_hitch:11233; mediator.py:_tick_lobby_hitch:11248; mediator.py:_tick_lobby_hitch:11258; mediator.py:_tick_lobby_hitch:11270; mediator.py:_tick_lobby_hitch:11284; mediator.py:_tick_lobby_hitch:11292; mediator.py:_tick_lobby_hitch:11298; mediator.py:_tick_lobby_hitch:11301; mediator.py:_tick_lobby_hitch:11306; mediator.py:_tick_lobby_hitch:11309; mediator.py:_tick_lobby_hitch:11310; mediator.py:_tick_lobby_hitch:11313; mediator.py:_tick_lobby_hitch:11323; mediator.py:_tick_lobby_hitch:11330; mediator.py:_trace_hitch_state:12500
_hitch_status,'',mediator.py:__init__:767; mediator.py:_hitch_begin_room_exit:9916; mediator.py:_hitch_reject_pending_join:9893; mediator.py:_hitch_reset_lobby:10251; mediator.py:_tick_hitch_platform_modal:9698; mediator.py:_tick_hitch_room_list_tab:10406; mediator.py:_tick_hitch_room_list_tab:10412; mediator.py:_tick_hitch_room_list_tab:10420; mediator.py:_tick_hitch_room_list_tab:10425; mediator.py:_tick_hitch_search:10510; mediator.py:_tick_lobby_hitch:10731; mediator.py:_tick_lobby_hitch:10755; mediator.py:_tick_lobby_hitch:10785; mediator.py:_tick_lobby_hitch:10894; mediator.py:_tick_lobby_hitch:11107; mediator.py:_tick_lobby_hitch:11166; mediator.py:_tick_lobby_hitch:11189; mediator.py:_tick_lobby_hitch:11216; mediator.py:_tick_lobby_hitch:11221; mediator.py:_tick_lobby_hitch:11278; mediator.py:_tick_lobby_hitch:11307; mediator.py:_tick_lobby_hitch:11331; mediator.py:_tick_lobby_hitch:11336,mediator.py:_tick_lobby_hitch:10993; mediator.py:_trace_hitch_state:12503
_hitch_treasure_retry_at,0.0,mediator.py:__init__:850; mediator.py:_tick_panel_fsm:13333; mediator.py:set_phase:7890,mediator.py:_maybe_open_choice_panel:3989
_hitch_unknown_since,None,mediator.py:__init__:782; mediator.py:_tick_hitch_stall_watchdog:10661; mediator.py:_tick_hitch_stall_watchdog:10688; mediator.py:_tick_hitch_stall_watchdog:10691,mediator.py:_tick_hitch_stall_watchdog:10690; mediator.py:_tick_hitch_stall_watchdog:10697
_incident_dir,incident_dir,mediator.py:__init__:1122,
_incident_pending_fp,None,mediator.py:__init__:1124; mediator.py:_record_environment_incident:12380; mediator.py:_record_fail_closed_incident:8534; mediator.py:_record_lobby_observation_incident:8592; mediator.py:_record_recovery_incident:8503; mediator.py:_record_repeat_click:8633; mediator.py:_record_round_timeout_incident:13588; mediator.py:_record_selection_unknown:8559; mediator.py:_tick_impl:12781; mediator.py:_tick_impl:12812,mediator.py:_tick_impl:12779; mediator.py:_tick_impl:12780
_input_seq,0,mediator.py:__init__:710; mediator.py:_fill_room_dialog:11615; mediator.py:_finish_input:2046; mediator.py:_finish_input:2055; mediator.py:_tick_l0:12166,mediator.py:_action_gate_ok:1870; mediator.py:_tick_impl:12774
_interrupt_reason,None,mediator.py:__init__:739; mediator.py:_tick_impl:12606; mediator.py:set_phase:7856,mediator.py:_trace_decision:12575; mediator.py:_trace_decision:12576; mediator.py:_trace_tick:12448; mediator.py:tick:12411
_inventory_clicks_this_visit,0,mediator.py:__init__:1096; mediator.py:_advance_l1_cycle:3949; mediator.py:_maybe_use_inventory_item:4290; mediator.py:_maybe_use_inventory_item:4321; mediator.py:set_phase:8034; runtime_mediator.py:_advance_l1_cycle:245; runtime_mediator.py:_maybe_use_inventory_item:575,mediator.py:_maybe_use_inventory_item:4308; mediator.py:_maybe_use_inventory_item:4320; runtime_mediator.py:_maybe_use_inventory_item:562
_inventory_last_pt,None,mediator.py:__init__:1097; mediator.py:_advance_l1_cycle:3950; mediator.py:_maybe_use_inventory_item:4294; mediator.py:_maybe_use_inventory_item:4325; mediator.py:set_phase:8035; runtime_mediator.py:_advance_l1_cycle:246,mediator.py:_maybe_use_inventory_item:4291; mediator.py:_maybe_use_inventory_item:4322
_inventory_next_at,0.0,mediator.py:__init__:1099; mediator.py:_advance_l1_cycle:3952; mediator.py:_maybe_use_inventory_item:4288; mediator.py:_maybe_use_inventory_item:4327; mediator.py:_tick_main_line:13724; mediator.py:set_phase:8037; runtime_mediator.py:_advance_l1_cycle:248; runtime_mediator.py:_maybe_use_inventory_item:532; runtime_mediator.py:_maybe_use_inventory_item:576,mediator.py:_maybe_use_inventory_item:4308; runtime_mediator.py:_maybe_use_inventory_item:562
_inventory_same_pt_hits,0,mediator.py:__init__:1098; mediator.py:_advance_l1_cycle:3951; mediator.py:_maybe_use_inventory_item:4292; mediator.py:_maybe_use_inventory_item:4295; mediator.py:_maybe_use_inventory_item:4323; mediator.py:_maybe_use_inventory_item:4326; mediator.py:set_phase:8036; runtime_mediator.py:_advance_l1_cycle:247,
_l0_cycle_count,0,mediator.py:__init__:741; mediator.py:set_phase:7846; mediator.py:set_phase:7850,mediator.py:set_phase:7847
_l0_cycle_limit,5,mediator.py:__init__:742,mediator.py:set_phase:7847
_l1_cycle_index,0,runtime_mediator.py:__init__:42; runtime_mediator.py:_advance_l1_cycle:250; runtime_mediator.py:set_phase:722,runtime_mediator.py:_advance_l1_cycle:231; runtime_mediator.py:panel_episode_diagnostics:819
_l1_cycle_last_advance_at,,mediator.py:set_phase:7834,
_l1_cycle_owned_panel,False,mediator.py:__init__:1052; mediator.py:_finish_panel_episode:13106; mediator.py:_maybe_open_choice_panel:4023; mediator.py:_maybe_open_choice_panel:4035; mediator.py:_maybe_open_choice_panel:4047; mediator.py:set_phase:8021,mediator.py:_confirm_panel_choice_action:13032; mediator.py:_find_reward_choice:3679; mediator.py:_find_reward_choice:3720; mediator.py:_finish_panel_episode:13083; mediator.py:_ocr_reward_choice:3542
_l1_cycle_selected,False,mediator.py:__init__:1053; mediator.py:_confirm_panel_choice_action:13036; mediator.py:_confirm_panel_choice_action:13047; mediator.py:_finish_panel_episode:13107; mediator.py:_maybe_open_choice_panel:4024; mediator.py:_maybe_open_choice_panel:4036; mediator.py:_maybe_open_choice_panel:4048; mediator.py:_tick_panel_fsm:13326; mediator.py:set_phase:8022,mediator.py:_finish_panel_episode:13084
_l1_cycle_step,'merchant' if self._passenger_mode() else 'bond',mediator.py:__init__:1051; mediator.py:_advance_l1_cycle:3937; mediator.py:_advance_l1_cycle:3954; mediator.py:_hitch_soft_reset:9985; mediator.py:set_phase:7830; mediator.py:set_phase:8017; runtime_mediator.py:_advance_l1_cycle:251; runtime_mediator.py:set_phase:723,mediator.py:_advance_l1_cycle:3933; mediator.py:_complete_evolve_hero_pick:4238; mediator.py:_confirm_panel_choice_action:13033; mediator.py:_finish_panel_episode:13115; mediator.py:_maybe_open_choice_panel:3972; mediator.py:_tick_main_line:14363; mediator.py:_tick_main_line:14423; mediator.py:_tick_main_line:14617; mediator.py:_tick_main_line:14623; mediator.py:_tick_main_line:14631; mediator.py:_tick_main_line:14684; mediator.py:_tick_main_line:14691; mediator.py:_tick_main_line:14703; mediator.py:_tick_main_line:14728; runtime_mediator.py:_advance_l1_cycle:230; runtime_mediator.py:_maybe_open_choice_panel:733
_last_bond_attempt,0.0,mediator.py:__init__:1058; mediator.py:_confirm_panel_choice_action:13040; mediator.py:_maybe_open_choice_panel:4031; mediator.py:set_phase:8007,
_last_capture_ms,0.0,mediator.py:__init__:725; mediator.py:see:1615,
_last_capture_role,None,mediator.py:__init__:699; mediator.py:see:1652,mediator.py:_capture_best:1487
_last_frame,None,mediator.py:__init__:697; mediator.py:see:1651,mediator.py:_capture_best:1487; mediator.py:_fill_room_dialog:11599; mediator.py:_focus_last_window:2020; mediator.py:_focus_last_window:2022; mediator.py:_hitch_ocr_text:9546; mediator.py:_incident_meta:8448; mediator.py:_note_pointer_on_hud:2148; mediator.py:_reacquire_target_window:2009; mediator.py:_record_environment_incident:12363; mediator.py:_record_fail_closed_incident:8517; mediator.py:_record_lobby_observation_incident:8573; mediator.py:_record_recovery_incident:8480; mediator.py:_record_round_timeout_incident:13571; mediator.py:_recovery_failed:8284; mediator.py:_tick_l0:12153; mediator.py:_trace_tick:12440; mediator.py:act_click:2085; mediator.py:act_double_click:2217; mediator.py:act_key:2127; mediator.py:act_move:2180; mediator.py:act_move:2186; mediator.py:act_right_click:2106; mediator.py:act_scroll:2249; mediator.py:act_search_box:2230; mediator.py:act_type_text:2200; mediator.py:see:1638; mediator.py:see:1639; mediator.py:see:1641; mediator.py:see:1642; mediator.py:see:1643; mediator.py:see:1644; mediator.py:see:1648; mediator.py:see:1650
_last_health,None,mediator.py:__init__:1127; mediator.py:_tick_impl:12621,mediator.py:_cadence_for_current_state:14971; mediator.py:_record_fail_closed_incident:8520; mediator.py:_trace_tick:12484
_last_input_at,None,mediator.py:__init__:713; mediator.py:_finish_input:2041,mediator.py:_tick_hitch_stall_watchdog:10697
_last_input_status,'',mediator.py:__init__:712; mediator.py:_finish_input:2039,mediator.py:_finish_input:2040; mediator.py:_finish_input:2053; mediator.py:_last_input_dispatched_unverified:2063
_last_l0_target_hwnds,(),mediator.py:__init__:820; mediator.py:_capture_best:1378,mediator.py:_tick_lobby_hitch:11181; mediator.py:_tick_lobby_hitch:11273
_last_outcome,None,mediator.py:__init__:1013; mediator.py:_record_round_outcome:8413,mediator.py:_trace_tick:12471
_last_runtime_progress_at,time.time(),runtime_mediator.py:__init__:45; runtime_mediator.py:_mark_runtime_progress:215,runtime_mediator.py:_tick_main_line:322; runtime_mediator.py:panel_episode_diagnostics:818
_last_skill_panel,0.0,mediator.py:__init__:1057; mediator.py:_confirm_panel_choice_action:13038; mediator.py:_maybe_open_choice_panel:4018; mediator.py:set_phase:8006,
_last_treasure_attempt,0.0,mediator.py:__init__:1059; mediator.py:_confirm_panel_choice_action:13042; mediator.py:_maybe_open_choice_panel:4043; mediator.py:set_phase:8008,
_liveness_family,None,mediator.py:__init__:843; mediator.py:_hitch_dwell_cap_hit:10090,mediator.py:_hitch_dwell_cap_hit:10089
_liveness_family_since,None,mediator.py:__init__:844; mediator.py:_hitch_dwell_cap_hit:10091; mediator.py:_hitch_dwell_cap_hit:10099,mediator.py:_hitch_dwell_cap_hit:10095
_liveness_last_progress_at,None,mediator.py:__init__:840; mediator.py:_liveness_reset:9997,mediator.py:_hitch_liveness_supervise:10036; mediator.py:_hitch_liveness_supervise:10040; mediator.py:_hitch_liveness_supervise:10047; mediator.py:_trace_hitch_state:12520; mediator.py:_trace_hitch_state:12521
_liveness_level,0,mediator.py:__init__:841; mediator.py:_hitch_liveness_supervise:10059; mediator.py:_liveness_reset:9998,mediator.py:_hitch_liveness_supervise:10059; mediator.py:_hitch_liveness_supervise:10061; mediator.py:_trace_hitch_state:12523
_liveness_level_at,None,mediator.py:__init__:842; mediator.py:_hitch_liveness_supervise:10056; mediator.py:_hitch_liveness_supervise:10060; mediator.py:_liveness_reset:9999,mediator.py:_hitch_liveness_supervise:10041
_longzhu_deadline,None,mediator.py:__init__:663; mediator.py:_tick_l1_tail:14828; mediator.py:set_phase:8048,mediator.py:longzhu_timed_out:8052; mediator.py:longzhu_timed_out:8054
_main_line_closed_done,,mediator.py:_maybe_close_main_line_after_5_5:6747; mediator.py:_maybe_close_main_line_after_5_5:6752; mediator.py:set_phase:7884,mediator.py:_ensure_auto_task_enabled:2557; mediator.py:_maybe_close_main_line_after_5_5:6742
_main_line_since,None,mediator.py:__init__:880; mediator.py:_maybe_challenge_configured_boss:6335; mediator.py:_maybe_challenge_configured_boss:6349; mediator.py:_maybe_clear_pressure_monsters:6769; mediator.py:_maybe_click_tqtz:6675; mediator.py:_maybe_close_main_line_after_5_5:6753; mediator.py:_observe_secret_realm_entry:13639; mediator.py:_tick_main_line:13945; mediator.py:_tick_main_line:13947; mediator.py:_tick_main_line:14022; mediator.py:_tick_main_line:14155; mediator.py:_tick_main_line:14194; mediator.py:_tick_main_line:14267; mediator.py:_tick_main_line:14299; mediator.py:_tick_main_line:14315; mediator.py:_tick_main_line:14335; mediator.py:_tick_main_line:14425; mediator.py:_tick_main_line:14446; mediator.py:_tick_main_line:14452; mediator.py:_tick_main_line:14457; mediator.py:_tick_main_line:14555; mediator.py:_tick_main_line:14567; mediator.py:_tick_main_line:14608; mediator.py:_tick_main_line:14614; mediator.py:_tick_main_line:14626; mediator.py:_tick_main_line:14645; mediator.py:_tick_main_line:14678; mediator.py:_tick_main_line:14689; mediator.py:_tick_main_line:14694; mediator.py:_tick_main_line:14715; mediator.py:_tick_main_line:14723; mediator.py:_tick_main_line:14745; mediator.py:_tick_main_line:14755; mediator.py:_tick_panel_fsm:13432; mediator.py:set_phase:7858,mediator.py:_tick_main_line:14752; mediator.py:set_phase:7859; mediator.py:set_phase:7902
_main_line_started_at,None,mediator.py:__init__:881; mediator.py:set_phase:7859,mediator.py:_maybe_fire_artifacts:3882; mediator.py:_maybe_fire_artifacts:3885; mediator.py:_tick_main_line:14598; mediator.py:_tick_main_line:14599; runtime_mediator.py:_runtime_watchdog_allowed:265
_mechanics_view,MechanicsPolicyView.from_repo(project_root),mediator.py:__init__:1174,
_merchant_discovery_deadline,None,mediator.py:__init__:1061; mediator.py:_tick_main_line:14734; mediator.py:_tick_main_line:14742; mediator.py:set_phase:8024,mediator.py:_tick_main_line:14733; mediator.py:_tick_main_line:14737
_merchant_fsm,MerchantFSM(),mediator.py:__init__:1065; mediator.py:_maybe_black_merchant:5355; mediator.py:_maybe_black_merchant:5408; mediator.py:_maybe_black_merchant:5418; mediator.py:set_phase:8025,mediator.py:_maybe_black_merchant:5354; mediator.py:_maybe_black_merchant:5365; mediator.py:_maybe_black_merchant:5372; mediator.py:_maybe_black_merchant:5392; mediator.py:_maybe_black_merchant:5408; mediator.py:_maybe_black_merchant:5414; mediator.py:_maybe_black_merchant:5418; mediator.py:_maybe_black_merchant:5423
_merchant_next_at,0.0,mediator.py:__init__:1060; mediator.py:__init__:1106; mediator.py:_maybe_black_merchant:5409; mediator.py:_maybe_black_merchant:5421; mediator.py:set_phase:8023,mediator.py:_maybe_black_merchant:5374; mediator.py:_tick_main_line:14729
_missing_window_since,None,mediator.py:__init__:696; mediator.py:_tick_impl:12630; mediator.py:_tick_impl:12634; mediator.py:_tick_impl:12675; mediator.py:_tick_impl:12765,mediator.py:_tick_impl:12634; mediator.py:_tick_impl:12635
_ocr_bootstrap_health,None,runtime_mediator.py:__init__:40; runtime_mediator.py:prepare_live_dependencies:105; runtime_mediator.py:prepare_live_dependencies:114; runtime_mediator.py:prepare_live_dependencies:147; runtime_mediator.py:prepare_live_dependencies:161; runtime_mediator.py:prepare_live_dependencies:175; runtime_mediator.py:prepare_live_dependencies:198,runtime_mediator.py:panel_episode_diagnostics:820; runtime_mediator.py:prepare_live_dependencies:104; runtime_mediator.py:prepare_live_dependencies:119; runtime_mediator.py:prepare_live_dependencies:156; runtime_mediator.py:prepare_live_dependencies:169; runtime_mediator.py:prepare_live_dependencies:183
_ocr_client,"None; ProductionShadowClient(repo_root=Path(project_root), timeout_ms=max(2500, int(getattr(settings, 'ocr_timeout_ms', 0) or 0)), startup_timeout_ms=30000, trace_path=trace_path); ShadowClient(repo_root=target_repo, timeout_ms=max(2500, int(settings.ocr_timeout_ms or 0)), startup_timeout_ms=30000, trace_path=Path(incident_dir) / 'ocr_shadow.jsonl' if incident_dir else None)",mediator.py:__init__:1129; mediator.py:__init__:1182; runtime_mediator.py:__init__:79; runtime_mediator.py:__init__:86,mediator.py:_archive_hitch_card_progress_state:5653; mediator.py:_hitch_search_prefix_confirmed:9805; mediator.py:_merchant_discount_slots:5235; mediator.py:_ocr_panel_slots:2801; mediator.py:_ocr_panel_slots:2819; mediator.py:_ocr_panel_slots:2901; mediator.py:_ocr_panel_slots:2927; mediator.py:_team_post_game_player_left:8672; mediator.py:run:14909; mediator.py:run:14910; runtime_mediator.py:prepare_live_dependencies:112
_ocr_confirm_key,None,mediator.py:__init__:990; mediator.py:_ocr_reward_choice:3554; mediator.py:_ocr_reward_choice:3559; mediator.py:_reset_choice_session:3196,mediator.py:_ocr_reward_choice:3553
_ocr_runtime_init_error,None; str(exc),runtime_mediator.py:__init__:41; runtime_mediator.py:__init__:87,runtime_mediator.py:prepare_live_dependencies:117
_old_world_switch_attempts,0,mediator.py:__init__:695; mediator.py:_tick_l0:12121; mediator.py:set_phase:7766,mediator.py:_tick_l0:12114
_outcome_recorded,False,mediator.py:__init__:1011; mediator.py:_hitch_after_exit:10220; mediator.py:_record_round_outcome:8411; mediator.py:set_phase:7788,mediator.py:_record_round_outcome:8409
_panel_anchor_candidate,None,mediator.py:__init__:1046; mediator.py:_finish_panel_episode:13101; mediator.py:_panel_anchor_confirmed:13215; mediator.py:_panel_anchor_confirmed:13218; mediator.py:_panel_anchor_confirmed:13222; mediator.py:_panel_anchor_confirmed:13224; mediator.py:_tick_panel_fsm:13284; mediator.py:set_phase:7812; mediator.py:set_phase:7841; mediator.py:set_phase:8003,mediator.py:_panel_anchor_confirmed:13220
_panel_closing_attempts,0,mediator.py:__init__:1028; mediator.py:_enter_panel_episode:13071; mediator.py:_finish_panel_episode:13092; mediator.py:_tick_panel_fsm:13378; mediator.py:_tick_panel_fsm:13524; mediator.py:_tick_panel_fsm:13532,mediator.py:_tick_panel_fsm:13538; mediator.py:_tick_panel_fsm:13539; mediator.py:panel_episode_diagnostics:13149
_panel_closing_started_at,None,mediator.py:__init__:1029; mediator.py:_enter_panel_episode:13072; mediator.py:_finish_panel_episode:13093; mediator.py:_tick_panel_fsm:13379; mediator.py:_tick_panel_fsm:13525; mediator.py:_tick_panel_fsm:13534,mediator.py:_tick_panel_fsm:13533; mediator.py:_tick_panel_fsm:13535
_panel_confirm_window,8.0,mediator.py:__init__:1034; mediator.py:_tick_panel_fsm:13391; mediator.py:_tick_panel_fsm:13426,mediator.py:_tick_panel_fsm:13513
_panel_confirmed_actions,0,mediator.py:__init__:1027; mediator.py:_enter_panel_episode:13070; mediator.py:_finish_panel_episode:13091; mediator.py:_tick_panel_fsm:13496; mediator.py:_tick_panel_fsm:13505,mediator.py:panel_episode_diagnostics:13148
_panel_cooldown_until,{},mediator.py:__init__:1036; mediator.py:_arm_panel_reopen_cooldown:13018 (item); mediator.py:_hitch_fail_close_choice_panel:13245 (item); mediator.py:_maybe_open_choice_panel:4007 (item); mediator.py:_tick_panel_fsm:13277 (item); mediator.py:_tick_panel_fsm:13306 (item); mediator.py:_tick_panel_fsm:13334 (item); mediator.py:_tick_panel_fsm:13337 (item); mediator.py:_tick_panel_fsm:13545 (item); mediator.py:set_phase:7798; mediator.py:set_phase:7889,mediator.py:_arm_panel_reopen_cooldown:13018; mediator.py:_arm_panel_reopen_cooldown:13019; mediator.py:_hitch_fail_close_choice_panel:13245; mediator.py:_maybe_open_choice_panel:4007; mediator.py:_maybe_open_choice_panel:4012; mediator.py:_tick_panel_fsm:13277; mediator.py:_tick_panel_fsm:13306; mediator.py:_tick_panel_fsm:13334; mediator.py:_tick_panel_fsm:13337; mediator.py:_tick_panel_fsm:13545; mediator.py:_tick_panel_fsm:13560
_panel_episode_count,{},mediator.py:__init__:1035; mediator.py:_tick_panel_fsm:13276 (item); mediator.py:_tick_panel_fsm:13336 (item); mediator.py:_tick_panel_fsm:13544 (item); mediator.py:set_phase:7797; mediator.py:set_phase:7888; runtime_mediator.py:_maybe_open_choice_panel:742 (item),mediator.py:_maybe_open_choice_panel:3988; mediator.py:_maybe_open_choice_panel:4000; mediator.py:_tick_panel_fsm:13276; mediator.py:_tick_panel_fsm:13292; mediator.py:_tick_panel_fsm:13336; mediator.py:_tick_panel_fsm:13544; runtime_mediator.py:_maybe_open_choice_panel:742
_panel_episode_id,None,mediator.py:__init__:1022; mediator.py:_enter_panel_episode:13065; mediator.py:_finish_panel_episode:13087; mediator.py:set_phase:7801; mediator.py:set_phase:7992,mediator.py:_tick_panel_fsm:13267; mediator.py:_tick_panel_fsm:13271; mediator.py:panel_episode_diagnostics:13138
_panel_episode_started,None,mediator.py:__init__:1030; mediator.py:_enter_panel_episode:13073; mediator.py:_finish_panel_episode:13094; mediator.py:set_phase:7804; mediator.py:set_phase:7995,mediator.py:_tick_panel_fsm:13263; mediator.py:_tick_panel_fsm:13264; mediator.py:panel_episode_diagnostics:13133; mediator.py:panel_episode_diagnostics:13134; mediator.py:panel_episode_diagnostics:13142
_panel_executed_actions,0,mediator.py:__init__:1026; mediator.py:_enter_panel_episode:13069; mediator.py:_finish_panel_episode:13090; mediator.py:_tick_panel_fsm:13404; mediator.py:_tick_panel_fsm:13470; mediator.py:_tick_panel_fsm:13550,mediator.py:panel_episode_diagnostics:13147
_panel_f1_used_this_episode,False,mediator.py:__init__:1042; mediator.py:_enter_panel_episode:13077; mediator.py:_tick_panel_fsm:13438,mediator.py:_tick_panel_fsm:13437
_panel_fingerprint,None,mediator.py:__init__:1037; mediator.py:_finish_panel_episode:13096; mediator.py:_tick_main_line:14539; mediator.py:_tick_panel_fsm:13368; mediator.py:set_phase:7810; mediator.py:set_phase:7839; mediator.py:set_phase:8001,mediator.py:_tick_panel_fsm:13365; mediator.py:panel_episode_diagnostics:13145
_panel_fingerprint_attempts,0,mediator.py:__init__:1038; mediator.py:_finish_panel_episode:13097; mediator.py:_tick_main_line:14540; mediator.py:_tick_panel_fsm:13366; mediator.py:_tick_panel_fsm:13369; mediator.py:set_phase:7811; mediator.py:set_phase:7840; mediator.py:set_phase:8002,mediator.py:_tick_panel_fsm:13370; mediator.py:_tick_panel_fsm:13372; mediator.py:_tick_panel_fsm:13373; mediator.py:panel_episode_diagnostics:13146
_panel_first_seen_at,None,mediator.py:__init__:1023; mediator.py:_enter_panel_episode:13066; mediator.py:_finish_panel_episode:13088; mediator.py:set_phase:7802; mediator.py:set_phase:7993,mediator.py:panel_episode_diagnostics:13140
_panel_hard_deadline_s,10.0,mediator.py:__init__:1025; mediator.py:_enter_panel_episode:13068,mediator.py:_tick_panel_fsm:13265; mediator.py:panel_episode_diagnostics:13143
_panel_kind,None,mediator.py:__init__:1021; mediator.py:_enter_panel_episode:13064; mediator.py:_finish_panel_episode:13086; mediator.py:_maybe_open_choice_panel:4005; mediator.py:_maybe_open_choice_panel:4020; mediator.py:_maybe_open_choice_panel:4033; mediator.py:_maybe_open_choice_panel:4045; mediator.py:_tick_panel_fsm:13298; mediator.py:set_phase:7800; mediator.py:set_phase:7991,mediator.py:_confirm_panel_choice_action:13033; mediator.py:_confirm_panel_choice_action:13034; mediator.py:_confirm_panel_choice_action:13037; mediator.py:_confirm_panel_choice_action:13039; mediator.py:_confirm_panel_choice_action:13041; mediator.py:_confirm_panel_choice_action:13048; mediator.py:_find_reward_choice:3679; mediator.py:_find_reward_choice:3720; mediator.py:_finish_panel_episode:13082; mediator.py:_hitch_fail_close_choice_panel:13231; mediator.py:_hitch_fail_close_choice_panel:13233; mediator.py:_hitch_fail_close_choice_panel:13243; mediator.py:_ocr_reward_choice:3542; mediator.py:_tick_panel_fsm:13267; mediator.py:_tick_panel_fsm:13270; mediator.py:_tick_panel_fsm:13274; mediator.py:_tick_panel_fsm:13325; mediator.py:_tick_panel_fsm:13328; mediator.py:_tick_panel_fsm:13448; mediator.py:_tick_panel_fsm:13464; mediator.py:_tick_panel_fsm:13472; mediator.py:_tick_panel_fsm:13536; mediator.py:_tick_panel_fsm:13542; mediator.py:_tick_panel_fsm:13552; mediator.py:_tick_panel_fsm:13560; mediator.py:panel_episode_diagnostics:13139; runtime_mediator.py:_find_evolution_choice:485; runtime_mediator.py:_physical_panel_key:352; runtime_mediator.py:act_click:686
_panel_last_input_at,0.0,mediator.py:__init__:1033; mediator.py:_tick_panel_fsm:13394; mediator.py:_tick_panel_fsm:13416; mediator.py:_tick_panel_fsm:13476; mediator.py:_tick_panel_fsm:13554,mediator.py:_tick_panel_fsm:13513
_panel_last_progress_at,None,mediator.py:__init__:1024; mediator.py:_enter_panel_episode:13067; mediator.py:_finish_panel_episode:13089; mediator.py:_tick_panel_fsm:13405; mediator.py:_tick_panel_fsm:13471; mediator.py:_tick_panel_fsm:13497; mediator.py:_tick_panel_fsm:13506; mediator.py:_tick_panel_fsm:13551; mediator.py:set_phase:7803; mediator.py:set_phase:7994,mediator.py:panel_episode_diagnostics:13131; mediator.py:panel_episode_diagnostics:13132; mediator.py:panel_episode_diagnostics:13141
_panel_mutation_baseline,None,mediator.py:__init__:1032; mediator.py:_enter_panel_episode:13074; mediator.py:_finish_panel_episode:13095; mediator.py:_tick_panel_fsm:13389; mediator.py:_tick_panel_fsm:13421; mediator.py:_tick_panel_fsm:13424; mediator.py:_tick_panel_fsm:13475; mediator.py:_tick_panel_fsm:13511; mediator.py:_tick_panel_fsm:13516; mediator.py:_tick_panel_fsm:13555; mediator.py:set_phase:7806; mediator.py:set_phase:7997,mediator.py:_panel_mutation_confirmed:13170
_panel_opened_by_us,,mediator.py:_finish_panel_episode:13100; mediator.py:_handle_self_opened_compact_panel:5460; mediator.py:_handle_self_opened_compact_panel:5466; mediator.py:_hitch_fail_close_choice_panel:13246; mediator.py:_hitch_soft_reset:9979; mediator.py:_maybe_open_choice_panel:4008; mediator.py:_maybe_open_choice_panel:4019; mediator.py:_maybe_open_choice_panel:4032; mediator.py:_maybe_open_choice_panel:4044; mediator.py:_tick_main_line:14443; mediator.py:_tick_panel_fsm:13278; mediator.py:_tick_panel_fsm:13299; mediator.py:_tick_panel_fsm:13338; mediator.py:_tick_panel_fsm:13380; mediator.py:_tick_panel_fsm:13399; mediator.py:_tick_panel_fsm:13422; mediator.py:_tick_panel_fsm:13429; mediator.py:_tick_panel_fsm:13477; mediator.py:_tick_panel_fsm:13546; mediator.py:set_phase:7809; mediator.py:set_phase:7838; mediator.py:set_phase:8000,mediator.py:_classify_choice_panel:2385; mediator.py:_classify_choice_panel:2390; mediator.py:_close_current_panel:5473; mediator.py:_find_reward_choice:3678; mediator.py:_find_reward_choice:3719; mediator.py:_handle_self_opened_compact_panel:5452; mediator.py:_ocr_reward_choice:3541; mediator.py:_panel_kind_of:12947; mediator.py:_tick_main_line:14395; mediator.py:_tick_panel_fsm:13444; runtime_mediator.py:_find_evolution_choice:482; runtime_mediator.py:_find_evolution_choice:498
_panel_pending_choice_action,None,mediator.py:__init__:1040; mediator.py:_confirm_panel_choice_action:13049; mediator.py:_enter_panel_episode:13075; mediator.py:_expire_panel_choice_action:13056; mediator.py:_finish_panel_episode:13098; mediator.py:_stage_panel_choice_action:13023; mediator.py:set_phase:7807; mediator.py:set_phase:7998,mediator.py:_confirm_panel_choice_action:13027; mediator.py:_expire_panel_choice_action:13053; mediator.py:panel_episode_diagnostics:13150
_panel_pending_choice_fingerprint,None,mediator.py:__init__:1041; mediator.py:_confirm_panel_choice_action:13050; mediator.py:_enter_panel_episode:13076; mediator.py:_expire_panel_choice_action:13057; mediator.py:_finish_panel_episode:13099; mediator.py:_stage_panel_choice_action:13024; mediator.py:set_phase:7808; mediator.py:set_phase:7999,mediator.py:_confirm_panel_choice_action:13044
_panel_state,PanelState.CLOSED,mediator.py:__init__:1020; mediator.py:_enter_panel_episode:13063; mediator.py:_finish_panel_episode:13085; mediator.py:_hitch_fail_close_choice_panel:13244; mediator.py:_hitch_soft_reset:9978; mediator.py:_maybe_open_choice_panel:4006; mediator.py:_maybe_open_choice_panel:4021; mediator.py:_maybe_open_choice_panel:4034; mediator.py:_maybe_open_choice_panel:4046; mediator.py:_tick_main_line:14442; mediator.py:_tick_panel_fsm:13273; mediator.py:_tick_panel_fsm:13305; mediator.py:_tick_panel_fsm:13315; mediator.py:_tick_panel_fsm:13327; mediator.py:_tick_panel_fsm:13377; mediator.py:_tick_panel_fsm:13390; mediator.py:_tick_panel_fsm:13420; mediator.py:_tick_panel_fsm:13425; mediator.py:_tick_panel_fsm:13474; mediator.py:_tick_panel_fsm:13510; mediator.py:_tick_panel_fsm:13523; mediator.py:_tick_panel_fsm:13528; mediator.py:_tick_panel_fsm:13541; mediator.py:_tick_panel_fsm:13553; mediator.py:set_phase:7799; mediator.py:set_phase:7837; mediator.py:set_phase:7990,mediator.py:_maybe_ensure_hero_panel_focus:6503; mediator.py:_maybe_open_choice_panel:3968; mediator.py:_maybe_park_pointer:2162; mediator.py:_maybe_upgrade_equipment:4381; mediator.py:_maybe_use_inventory_item:4265; mediator.py:_tick_main_line:14361; mediator.py:_tick_main_line:14533; mediator.py:_tick_main_line:14558; mediator.py:_tick_panel_fsm:13259; mediator.py:_tick_panel_fsm:13311; mediator.py:_tick_panel_fsm:13342; mediator.py:_trace_tick:12474; mediator.py:panel_episode_diagnostics:13137; runtime_mediator.py:_find_evolution_choice:484; runtime_mediator.py:_find_evolution_choice:499; runtime_mediator.py:_maybe_open_choice_panel:739; runtime_mediator.py:_maybe_use_inventory_item:515; runtime_mediator.py:_runtime_watchdog_allowed:260; runtime_mediator.py:_tick_panel_fsm:457
_panel_visible_deadline,None,mediator.py:__init__:1031; mediator.py:_tick_panel_fsm:13316; mediator.py:set_phase:7805; mediator.py:set_phase:7996,mediator.py:_tick_panel_fsm:13324
_passenger_heirloom_for_secret,False,mediator.py:__init__:935; mediator.py:_tick_main_line:13763; mediator.py:_tick_main_line:13953; mediator.py:_tick_main_line:14006; mediator.py:set_phase:7951,mediator.py:_tick_main_line:13792; mediator.py:_tick_main_line:14004
_pause_resume_attempts,,mediator.py:_hitch_soft_reset:9987; mediator.py:_maybe_resume_paused:6728; mediator.py:_tick_main_line:13943; mediator.py:set_phase:7881,mediator.py:_maybe_resume_paused:6706; mediator.py:_tick_main_line:13940
_pause_resume_next_at,,mediator.py:_hitch_soft_reset:9988; mediator.py:_maybe_resume_paused:6733; mediator.py:_tick_main_line:13944; mediator.py:set_phase:7882,mediator.py:_maybe_resume_paused:6715
_pending_action,None,mediator.py:__init__:1103; mediator.py:_hitch_soft_reset:9980; mediator.py:_maybe_use_inventory_item:4296; mediator.py:_maybe_use_inventory_item:4330; mediator.py:_tick_main_line:13718; mediator.py:_tick_main_line:13732; mediator.py:set_phase:7793; mediator.py:set_phase:8004; runtime_mediator.py:_maybe_use_inventory_item:533; runtime_mediator.py:_maybe_use_inventory_item:578,mediator.py:_maybe_park_pointer:2163; mediator.py:_maybe_public_backpack_deposit:4941; mediator.py:_maybe_upgrade_equipment:4379; mediator.py:_maybe_use_inventory_item:4260; mediator.py:_maybe_use_inventory_item:4261; mediator.py:_maybe_use_inventory_item:4262; mediator.py:_tick_main_line:13715; mediator.py:_tick_main_line:13716; mediator.py:_tick_main_line:13717; mediator.py:_tick_main_line:13719; mediator.py:_tick_main_line:13720; mediator.py:_tick_main_line:13723; mediator.py:_tick_main_line:13728; mediator.py:_tick_main_line:13730; runtime_mediator.py:_maybe_use_inventory_item:511; runtime_mediator.py:_runtime_watchdog_allowed:262
_pending_action_unconfirmed_count,0,mediator.py:__init__:1104; mediator.py:_hitch_soft_reset:9981; mediator.py:_tick_main_line:13721; mediator.py:set_phase:7794; mediator.py:set_phase:8005,
_pending_archive_panel_frames,0,mediator.py:__init__:915; mediator.py:_tick_main_line:13870; mediator.py:_tick_main_line:13875; mediator.py:set_phase:7938,mediator.py:_tick_main_line:13871
_physical_panel_absent_since,None,runtime_mediator.py:__init__:37; runtime_mediator.py:_physical_panel_watchdog:416; runtime_mediator.py:_physical_panel_watchdog:421; runtime_mediator.py:_reset_physical_panel_guard:364,runtime_mediator.py:_physical_panel_watchdog:415; runtime_mediator.py:_physical_panel_watchdog:417
_physical_panel_deadline_s,"30.0; max(30.0, min(60.0, episode_deadline * 2.5))",runtime_mediator.py:__init__:38; runtime_mediator.py:__init__:90,runtime_mediator.py:_physical_panel_watchdog:431; runtime_mediator.py:_physical_panel_watchdog:440; runtime_mediator.py:panel_episode_diagnostics:813
_physical_panel_first_seen_at,None,runtime_mediator.py:__init__:35; runtime_mediator.py:_physical_panel_watchdog:425; runtime_mediator.py:_reset_physical_panel_guard:362,runtime_mediator.py:_physical_panel_watchdog:429; runtime_mediator.py:panel_episode_diagnostics:806
_physical_panel_last_progress_at,None,runtime_mediator.py:__init__:36; runtime_mediator.py:_confirm_panel_choice_action:464; runtime_mediator.py:_physical_panel_watchdog:426; runtime_mediator.py:_physical_panel_watchdog:444; runtime_mediator.py:_reset_physical_panel_guard:363,runtime_mediator.py:_physical_panel_watchdog:429; runtime_mediator.py:panel_episode_diagnostics:807; runtime_mediator.py:panel_episode_diagnostics:809; runtime_mediator.py:panel_episode_diagnostics:810
_physical_panel_recoveries,0,runtime_mediator.py:__init__:39; runtime_mediator.py:_physical_panel_watchdog:443,runtime_mediator.py:_physical_panel_watchdog:447; runtime_mediator.py:panel_episode_diagnostics:814
_physical_panel_signature,None,runtime_mediator.py:__init__:34; runtime_mediator.py:_physical_panel_watchdog:424; runtime_mediator.py:_reset_physical_panel_guard:361,runtime_mediator.py:_confirm_panel_choice_action:463; runtime_mediator.py:_physical_panel_watchdog:413; runtime_mediator.py:_physical_panel_watchdog:423; runtime_mediator.py:panel_episode_diagnostics:805
_pickup_next_at,0.0,mediator.py:__init__:1076; mediator.py:_tick_main_line:14714; mediator.py:set_phase:8028,mediator.py:_tick_main_line:14706
_pointer_needs_park,False,mediator.py:__init__:848; mediator.py:_finish_input:2043; mediator.py:_maybe_park_pointer:2174; mediator.py:_note_pointer_on_hud:2154,mediator.py:_maybe_park_pointer:2158
_post_game_active_wait_since,None,mediator.py:__init__:941; mediator.py:_tick_main_line:14159; mediator.py:_tick_main_line:14163; mediator.py:_tick_main_line:14168; mediator.py:set_phase:7956,mediator.py:_tick_main_line:14158; mediator.py:_tick_main_line:14160
_post_game_archive_pending_only,False,mediator.py:__init__:916; mediator.py:_post_game_state:5913; mediator.py:_post_game_state:6021; mediator.py:set_phase:7939,mediator.py:_tick_main_line:13866
_post_game_close_attempts,0,mediator.py:__init__:913; mediator.py:_observe_secret_realm_entry:13633; mediator.py:_tick_main_line:13895; mediator.py:_tick_main_line:14093; mediator.py:_tick_main_line:14103; mediator.py:_tick_main_line:14255; mediator.py:set_phase:7960,mediator.py:_tick_main_line:14090; mediator.py:_tick_main_line:14106
_post_game_hub_entered_at,None,mediator.py:__init__:940; mediator.py:_wait_for_team_post_game_exit:8701; mediator.py:set_phase:7955,mediator.py:_wait_for_team_post_game_exit:8700; mediator.py:_wait_for_team_post_game_exit:8704
_post_game_hud_confirmations,0,mediator.py:__init__:914; mediator.py:_tick_main_line:13887; mediator.py:_tick_main_line:13896; mediator.py:_tick_main_line:13905; mediator.py:set_phase:7937,mediator.py:_tick_main_line:13888
_post_game_pending,False,mediator.py:__init__:909; mediator.py:_observe_secret_realm_entry:13631; mediator.py:_tick_l0:11778; mediator.py:_tick_main_line:13893; mediator.py:_tick_main_line:13971; mediator.py:_tick_main_line:13999; mediator.py:_tick_main_line:14029; mediator.py:_tick_main_line:14113; mediator.py:_tick_main_line:14196; mediator.py:_tick_main_line:14254; mediator.py:_wait_for_team_post_game_exit:8709; mediator.py:set_phase:7930,mediator.py:_maybe_challenge_configured_boss:6196; mediator.py:_maybe_challenge_configured_boss:6269; mediator.py:_maybe_challenge_configured_boss:6359; mediator.py:_maybe_ensure_hero_panel_focus:6505; mediator.py:_observe_secret_realm_entry:13612; mediator.py:_post_game_state:5987; mediator.py:_post_game_state:6015; mediator.py:_post_game_state:6019; mediator.py:_post_game_state:6023; mediator.py:_post_game_state:6049; mediator.py:_round_tail_checks_active:12934; mediator.py:_tick_main_line:13676; mediator.py:_tick_main_line:13843; mediator.py:_tick_main_line:13878; mediator.py:_tick_main_line:13908; mediator.py:_tick_main_line:13923; mediator.py:_tick_main_line:13966; mediator.py:_tick_main_line:14026; mediator.py:_tick_main_line:14110; mediator.py:_tick_main_line:14220; mediator.py:_tick_main_line:14252; mediator.py:_tick_main_line:14273; mediator.py:_tick_main_line:14327; mediator.py:_tick_main_line:14477; mediator.py:_tick_main_line:14519; runtime_mediator.py:_runtime_watchdog_allowed:258; runtime_mediator.py:_runtime_watchdog_hud_confirmed:288
_post_game_reconciled,,mediator.py:_tick_l0:11779,
_post_game_route,'secret',mediator.py:__init__:921; mediator.py:_maybe_challenge_configured_boss:6354; mediator.py:_maybe_challenge_configured_boss:6356; mediator.py:_maybe_challenge_configured_boss:6360; mediator.py:_maybe_click_archive_challenge:5751; mediator.py:_observe_secret_realm_entry:13634; mediator.py:_tick_l0:11781; mediator.py:_tick_l0:11783; mediator.py:_tick_l0:11785; mediator.py:_tick_main_line:13898; mediator.py:_tick_main_line:14005; mediator.py:_tick_main_line:14008; mediator.py:_tick_main_line:14030; mediator.py:_tick_main_line:14046; mediator.py:_tick_main_line:14058; mediator.py:_tick_main_line:14105; mediator.py:_tick_main_line:14114; mediator.py:_tick_main_line:14140; mediator.py:_tick_main_line:14142; mediator.py:_tick_main_line:14154; mediator.py:_tick_main_line:14162; mediator.py:_tick_main_line:14253; mediator.py:_tick_main_line:14334; mediator.py:set_phase:7943,mediator.py:_post_game_state:5978; mediator.py:_post_game_state:6036; mediator.py:_tick_main_line:13880; mediator.py:_tick_main_line:13891; mediator.py:_tick_main_line:13924; mediator.py:_tick_main_line:13934; mediator.py:_tick_main_line:13998; mediator.py:_tick_main_line:14041; mediator.py:_tick_main_line:14057; mediator.py:_tick_main_line:14106; mediator.py:_tick_main_line:14134; mediator.py:_tick_main_line:14203; mediator.py:_tick_main_line:14221; mediator.py:_tick_main_line:14252; mediator.py:_tick_main_line:14328; mediator.py:_tick_main_line:14478; mediator.py:_tick_main_line:14497; mediator.py:_tick_main_line:14510
_pressure_next_at,0.0,mediator.py:__init__:882; mediator.py:_maybe_clear_pressure_monsters:6766; mediator.py:set_phase:7899; mediator.py:set_phase:7902,mediator.py:_maybe_clear_pressure_monsters:6761
_prev_frame,None,mediator.py:__init__:698; mediator.py:see:1650,mediator.py:_record_environment_incident:12367; mediator.py:_record_fail_closed_incident:8522; mediator.py:_record_lobby_observation_incident:8577; mediator.py:_record_recovery_incident:8485; mediator.py:_record_repeat_click:8607; mediator.py:_record_round_timeout_incident:13575; mediator.py:_record_selection_unknown:8545; mediator.py:_tick_impl:12620; mediator.py:_tick_impl:12793; mediator.py:_tick_main_line:13867; mediator.py:_tick_main_line:13884
_public_bag_deposit_before,None,mediator.py:__init__:1072; mediator.py:_maybe_public_backpack_deposit:5055,mediator.py:_public_backpack_deposit_postcondition:5154; mediator.py:_public_bag_deposit_confirmed:4910
_public_bag_empty_since,None,mediator.py:__init__:1070; mediator.py:_maybe_public_backpack_deposit:4997; mediator.py:_maybe_public_backpack_deposit:5016; mediator.py:_maybe_public_backpack_deposit:5042; mediator.py:_public_bag_close_page:4922; mediator.py:_public_bag_close_when_empty:4931; mediator.py:set_phase:8019,mediator.py:_public_bag_close_when_empty:4930; mediator.py:_public_bag_close_when_empty:4933
_public_bag_failed_sources,{},mediator.py:__init__:1075; mediator.py:_public_bag_note_source_failure:4855 (item); mediator.py:set_phase:7832; mediator.py:set_phase:8020,mediator.py:_public_bag_note_source_failure:4854; mediator.py:_public_bag_note_source_failure:4855; mediator.py:_public_bag_source_exhausted:4848
_public_bag_fsm,PublicBagFSM(),mediator.py:__init__:1068; mediator.py:_hitch_soft_reset:9983; mediator.py:_maybe_public_backpack_deposit:4988; mediator.py:_maybe_public_backpack_deposit:4998; mediator.py:_maybe_public_backpack_deposit:5014; mediator.py:_maybe_public_backpack_deposit:5047; mediator.py:_maybe_public_backpack_deposit:5056; mediator.py:_maybe_public_backpack_deposit:5081; mediator.py:_maybe_public_backpack_deposit:5085; mediator.py:_maybe_public_backpack_deposit:5089; mediator.py:_public_bag_close_page:4921; mediator.py:_tick_main_line:13849; mediator.py:_tick_main_line:13859; mediator.py:_tick_main_line:13865; mediator.py:set_phase:7831; mediator.py:set_phase:8018,mediator.py:_hitch_soft_reset:9982; mediator.py:_maybe_ensure_hero_panel_focus:6533; mediator.py:_maybe_park_pointer:2161; mediator.py:_maybe_public_backpack_deposit:4955; mediator.py:_maybe_use_inventory_item:4267; mediator.py:_public_backpack_deposit_postcondition:5116; mediator.py:_public_bag_deposit_confirmed:4892; mediator.py:_tick_main_line:13846; mediator.py:_tick_main_line:14696
_public_bag_next_at,0.0,mediator.py:__init__:1069; mediator.py:_maybe_public_backpack_deposit:4979; mediator.py:_maybe_public_backpack_deposit:5015; mediator.py:_maybe_public_backpack_deposit:5031,mediator.py:_maybe_public_backpack_deposit:4980; mediator.py:_maybe_public_backpack_deposit:4992; mediator.py:_maybe_public_backpack_deposit:5001; mediator.py:_maybe_public_backpack_deposit:5032; mediator.py:_tick_main_line:14697
_public_bag_open_since,None,mediator.py:__init__:1071; mediator.py:_hitch_soft_reset:9984; mediator.py:_maybe_public_backpack_deposit:4985,mediator.py:_maybe_public_backpack_deposit:4986; mediator.py:_maybe_public_backpack_deposit:5027
_public_bag_personal_leftover,False,mediator.py:__init__:852; mediator.py:_maybe_public_backpack_deposit:4949; mediator.py:set_phase:7833,mediator.py:_maybe_public_backpack_deposit:5007
_recovery_state,None,mediator.py:__init__:1005; mediator.py:_begin_recovery:8066; mediator.py:_finish_direct_failure_exit:8272; mediator.py:_finish_recovery:8313; mediator.py:_hitch_liveness_leave:10117; mediator.py:_hitch_reconcile_to:10139; mediator.py:_recovery_failed:8291; mediator.py:set_phase:7983,mediator.py:_record_recovery_incident:8483; mediator.py:_tick_recovery:8324; mediator.py:_trace_tick:12475; mediator.py:_trace_tick:12476
_recovery_step,None,mediator.py:__init__:1006; mediator.py:_begin_recovery:8074; mediator.py:_finish_direct_failure_exit:8271; mediator.py:_finish_recovery:8312; mediator.py:_hitch_liveness_leave:10118; mediator.py:_hitch_reconcile_to:10140; mediator.py:_recovery_failed:8294; mediator.py:_tick_impl:12860; mediator.py:_tick_lobby_hitch:10781; mediator.py:set_phase:7982,mediator.py:_tick_impl:12837; mediator.py:_tick_impl:12859; mediator.py:_tick_main_line:14347; mediator.py:_trace_post_confirm:12596; mediator.py:_trace_tick:12475
_room_action_attempts,0,mediator.py:__init__:677; mediator.py:_tick_l0:12040; mediator.py:_tick_l0:12073; mediator.py:_tick_l0:12242,mediator.py:_tick_l0:12070
_room_action_deadline,None,mediator.py:__init__:676; mediator.py:_finish_direct_failure_exit:8277; mediator.py:_tick_impl:12717; mediator.py:_tick_impl:12720; mediator.py:_tick_l0:11862; mediator.py:_tick_l0:11874; mediator.py:_tick_l0:11878; mediator.py:_tick_l0:12015; mediator.py:_tick_l0:12243; mediator.py:_tick_l1_tail:14827; mediator.py:_tick_leave_old_room:11740; mediator.py:_tick_leave_old_room:11747; mediator.py:set_phase:7741; mediator.py:set_phase:7748; mediator.py:set_phase:7776,mediator.py:_action_timed_out:11667; mediator.py:_tick_impl:12716; mediator.py:_tick_impl:12718; mediator.py:set_phase:7747
_room_dialog_filled,False,mediator.py:__init__:675; mediator.py:_tick_l0:12011; mediator.py:set_phase:7733; mediator.py:set_phase:7743,mediator.py:_tick_l0:12008
_room_leave_attempts,0,mediator.py:__init__:972; mediator.py:_tick_leave_old_room:11738; mediator.py:_tick_leave_old_room:11757,
_room_leave_next_at,0.0,mediator.py:__init__:971; mediator.py:_tick_l0:11873; mediator.py:_tick_leave_old_room:11758; mediator.py:_tick_leave_old_room:11760,mediator.py:_tick_leave_old_room:11750
_room_leave_pending,False,mediator.py:__init__:970; mediator.py:_tick_l0:11872; mediator.py:_tick_leave_old_room:11737; mediator.py:_tick_leave_old_room:11744; mediator.py:set_phase:7926,mediator.py:_tick_l0:11833; mediator.py:_tick_leave_old_room:11733
_room_start_deadline,None,mediator.py:__init__:681; mediator.py:_tick_impl:12710; mediator.py:_tick_l0:12041; mediator.py:_tick_l0:12062; mediator.py:set_phase:7727,mediator.py:_tick_impl:12709; mediator.py:_tick_impl:12711; mediator.py:_tick_l0:12061; mediator.py:_tick_l0:12063
_room_start_next_retry_at,0.0,mediator.py:__init__:682; mediator.py:_tick_l0:12042; mediator.py:_tick_l0:12074; mediator.py:set_phase:7728,mediator.py:_tick_l0:12067
_round_deadline,None,mediator.py:__init__:1009; mediator.py:_hitch_after_exit:10219; mediator.py:_hitch_liveness_supervise:10030; mediator.py:_observe_secret_realm_entry:13638; mediator.py:set_phase:7787; mediator.py:set_phase:7988,mediator.py:_hitch_liveness_supervise:10026; mediator.py:_record_fail_closed_incident:8527; mediator.py:_record_repeat_click:8615; mediator.py:_record_round_timeout_incident:13581; mediator.py:_record_selection_unknown:8552; mediator.py:_round_tail_checks_active:12936; mediator.py:_round_tail_checks_active:12937; mediator.py:_tick_main_line:13667; mediator.py:_trace_tick:12469; mediator.py:set_phase:7986
_round_outcome,None,mediator.py:__init__:1012; mediator.py:_hitch_after_exit:10221; mediator.py:_record_round_outcome:8412; mediator.py:set_phase:7795,mediator.py:_incident_meta:8461; mediator.py:_trace_tick:12470
_round_started_at,None,mediator.py:__init__:1008; mediator.py:_hitch_after_exit:10218; mediator.py:_hitch_liveness_supervise:10029; mediator.py:_observe_secret_realm_entry:13637; mediator.py:set_phase:7786; mediator.py:set_phase:7987,mediator.py:_maybe_click_tqtz:6656; mediator.py:_maybe_click_tqtz:6657; mediator.py:round_elapsed:14944; mediator.py:round_elapsed:14946; mediator.py:set_phase:7988
_running,False,mediator.py:__init__:662; mediator.py:_tick_impl:12611; mediator.py:_tick_impl:12617; mediator.py:run:14836; mediator.py:run:14870; mediator.py:stop:12385; mediator.py:tick:12415,mediator.py:run:14878
_runtime_panel_unknown_signature,None,runtime_mediator.py:__init__:43; runtime_mediator.py:_arm_runtime_unknown_panel:404; runtime_mediator.py:_clear_runtime_unknown_panel:408; runtime_mediator.py:_reset_physical_panel_guard:365,runtime_mediator.py:_arm_runtime_unknown_panel:403
_runtime_panel_unknown_since,None,runtime_mediator.py:__init__:44; runtime_mediator.py:_arm_runtime_unknown_panel:405; runtime_mediator.py:_clear_runtime_unknown_panel:409; runtime_mediator.py:_reset_physical_panel_guard:366,runtime_mediator.py:panel_episode_diagnostics:815
_runtime_watchdog_first_stall_at,None,runtime_mediator.py:__init__:50; runtime_mediator.py:__init__:95; runtime_mediator.py:_tick_main_line:316; runtime_mediator.py:_tick_main_line:336; runtime_mediator.py:set_phase:727,
_runtime_watchdog_hud_confirmations,0,mediator.py:set_phase:7935; runtime_mediator.py:__init__:55; runtime_mediator.py:__init__:91; runtime_mediator.py:_runtime_watchdog_hud_confirmed:289; runtime_mediator.py:_runtime_watchdog_hud_confirmed:293; runtime_mediator.py:_runtime_watchdog_hud_confirmed:298; runtime_mediator.py:_runtime_watchdog_hud_confirmed:301; runtime_mediator.py:_tick_main_line:314; runtime_mediator.py:set_phase:728,runtime_mediator.py:_runtime_watchdog_hud_confirmed:285; runtime_mediator.py:_runtime_watchdog_hud_confirmed:302
_runtime_watchdog_last_frame_id,None,mediator.py:set_phase:7936; runtime_mediator.py:__init__:56; runtime_mediator.py:__init__:92; runtime_mediator.py:_runtime_watchdog_hud_confirmed:286; runtime_mediator.py:set_phase:729,runtime_mediator.py:_runtime_watchdog_hud_confirmed:284
_runtime_watchdog_stall_episodes_total,0,runtime_mediator.py:__init__:48; runtime_mediator.py:__init__:93; runtime_mediator.py:_tick_main_line:334,runtime_mediator.py:_tick_main_line:339; runtime_mediator.py:_tick_main_line:344; runtime_mediator.py:panel_episode_diagnostics:816
_runtime_watchdog_stalled,False,runtime_mediator.py:__init__:49; runtime_mediator.py:__init__:94; runtime_mediator.py:_tick_main_line:315; runtime_mediator.py:_tick_main_line:335; runtime_mediator.py:set_phase:726,runtime_mediator.py:_tick_main_line:332; runtime_mediator.py:panel_episode_diagnostics:817
_secret_realm_active,False,mediator.py:__init__:956; mediator.py:_observe_secret_realm_entry:13622; mediator.py:set_phase:7970,mediator.py:_finish_direct_failure_exit:8261
_secret_realm_confirm_attempts,0,mediator.py:__init__:952; mediator.py:_observe_secret_realm_entry:13628; mediator.py:_tick_main_line:14289; mediator.py:set_phase:7966,mediator.py:_tick_main_line:14278; mediator.py:_tick_main_line:14292
_secret_realm_confirm_next_observe_at,0.0,mediator.py:__init__:953; mediator.py:_tick_main_line:14294; mediator.py:set_phase:7967,mediator.py:_observe_secret_realm_entry:13605; mediator.py:_tick_main_line:14282
_secret_realm_entering_since,None,mediator.py:__init__:951; mediator.py:_observe_secret_realm_entry:13627; mediator.py:_tick_main_line:14296; mediator.py:set_phase:7965,mediator.py:_observe_secret_realm_entry:13600; mediator.py:_tick_main_line:13653; mediator.py:_tick_main_line:13809; mediator.py:_tick_main_line:14120; mediator.py:_tick_main_line:14125
_secret_realm_hud_confirmations,0,mediator.py:__init__:954; mediator.py:_observe_secret_realm_entry:13615; mediator.py:_observe_secret_realm_entry:13619; mediator.py:_observe_secret_realm_entry:13629; mediator.py:_tick_main_line:14297; mediator.py:set_phase:7968,mediator.py:_observe_secret_realm_entry:13621
_secret_realm_last_hud_frame_id,None,mediator.py:__init__:955; mediator.py:_observe_secret_realm_entry:13616; mediator.py:_observe_secret_realm_entry:13618; mediator.py:_observe_secret_realm_entry:13630; mediator.py:_tick_main_line:14298; mediator.py:set_phase:7969,mediator.py:_observe_secret_realm_entry:13617
_secret_realm_next_observe_at,0.0,mediator.py:__init__:950; mediator.py:_observe_secret_realm_entry:13626; mediator.py:_tick_main_line:14191; mediator.py:set_phase:7964,mediator.py:_tick_main_line:14179
_secret_realm_request_attempts,0,mediator.py:__init__:949; mediator.py:_observe_secret_realm_entry:13625; mediator.py:_tick_main_line:14186; mediator.py:set_phase:7963,mediator.py:_tick_main_line:14174; mediator.py:_tick_main_line:14189
_secret_realm_request_pending,False,mediator.py:__init__:947; mediator.py:_observe_secret_realm_entry:13623; mediator.py:_tick_main_line:14193; mediator.py:set_phase:7961,mediator.py:_tick_main_line:13909; mediator.py:_tick_main_line:14274
_secret_realm_request_since,None,mediator.py:__init__:948; mediator.py:_observe_secret_realm_entry:13624; mediator.py:_tick_main_line:14172; mediator.py:set_phase:7962,mediator.py:_tick_main_line:13910; mediator.py:_tick_main_line:13911; mediator.py:_tick_main_line:14171; mediator.py:_tick_main_line:14173; mediator.py:_tick_main_line:14276
_selection_click_cooldown_until,0.0,mediator.py:__init__:884; mediator.py:_hitch_fail_close_choice_panel:13242; mediator.py:_tick_panel_fsm:13395; mediator.py:_tick_panel_fsm:13415; mediator.py:_tick_panel_fsm:13473; mediator.py:_tick_panel_fsm:13556; mediator.py:set_phase:7860,mediator.py:_tick_panel_fsm:13351
_selection_repeat_attempts,0,mediator.py:__init__:983; mediator.py:_finish_panel_episode:13103; mediator.py:_tick_main_line:14537; mediator.py:set_phase:7864,
_selection_repeat_key,None,mediator.py:__init__:982; mediator.py:_finish_panel_episode:13102; mediator.py:_tick_main_line:14536; mediator.py:set_phase:7863,
_selection_unknown_attempts,0,mediator.py:__init__:980; mediator.py:_finish_panel_episode:13104; mediator.py:_tick_main_line:14444; mediator.py:_tick_main_line:14534; mediator.py:_tick_panel_fsm:13430; mediator.py:_tick_panel_fsm:13478; mediator.py:set_phase:7842; mediator.py:set_phase:7861,
_selection_unknown_since,None,mediator.py:__init__:981; mediator.py:_finish_panel_episode:13105; mediator.py:_tick_main_line:14445; mediator.py:_tick_main_line:14535; mediator.py:_tick_panel_fsm:13431; mediator.py:_tick_panel_fsm:13441; mediator.py:_tick_panel_fsm:13479; mediator.py:set_phase:7843; mediator.py:set_phase:7862,mediator.py:_tick_panel_fsm:13441; mediator.py:_tick_panel_fsm:13442
_skill_cards_owned,[],mediator.py:__init__:996; mediator.py:_commit_pending_skill_cards:3134 (mutation); mediator.py:_commit_pending_skill_cards:3137 (mutation); mediator.py:set_phase:7867 (mutation),mediator.py:_commit_pending_skill_cards:3134; mediator.py:_commit_pending_skill_cards:3137; mediator.py:_confirmed_skill_cards:3147; mediator.py:set_phase:7867
_skill_cards_pending,[],mediator.py:__init__:995; mediator.py:_clear_pending_skill_cards:3142 (mutation); mediator.py:_commit_pending_skill_cards:3138 (mutation); mediator.py:_stage_skill_card:3122 (mutation); mediator.py:set_phase:7866 (mutation),mediator.py:_clear_pending_skill_cards:3142; mediator.py:_commit_pending_skill_cards:3130; mediator.py:_commit_pending_skill_cards:3133; mediator.py:_commit_pending_skill_cards:3138; mediator.py:_stage_skill_card:3122; mediator.py:set_phase:7866
_skill_labels,json.loads(labels_path.read_text(encoding='utf-8')); {},mediator.py:__init__:1130; mediator.py:__init__:1133; mediator.py:__init__:1135,mediator.py:_policy_decision_to_hit:3346; mediator.py:_policy_settings:3080; mediator.py:_stage_skill_card:3120
_skill_refresh_attempts,0,mediator.py:__init__:984; mediator.py:_maybe_open_choice_panel:4009; mediator.py:_maybe_open_choice_panel:4022; mediator.py:_reset_choice_session:3192; mediator.py:_tick_main_line:14538; mediator.py:_tick_panel_fsm:13279; mediator.py:_tick_panel_fsm:13300; mediator.py:_tick_panel_fsm:13381; mediator.py:_tick_panel_fsm:13418; mediator.py:set_phase:7865,mediator.py:_record_choice_session:3210; mediator.py:_record_choice_session:3217; mediator.py:_sync_choice_session_refreshes:3230
_skill_routes_doc,loaded_skill_routes; {},mediator.py:__init__:1158; mediator.py:__init__:1163; mediator.py:__init__:1165,mediator.py:_policy_settings:3084
_stage_attempt_budget,None,mediator.py:__init__:692; mediator.py:_stage_budget:11633; mediator.py:set_phase:7829,mediator.py:_stage_budget:11632; mediator.py:_stage_budget:11639
_stage_candidate_frames,0,mediator.py:__init__:673; mediator.py:_tick_l0:12127; mediator.py:_tick_l0:12171; mediator.py:_tick_l0:12182; mediator.py:_tick_l0:12187; mediator.py:_tick_l0:12192; mediator.py:_tick_l0:12227; mediator.py:set_phase:7773; runtime_mediator.py:_find_stage_start:613,mediator.py:_tick_l0:12193
_stage_candidate_name,None,mediator.py:__init__:671; mediator.py:_tick_l0:12125; mediator.py:_tick_l0:12169; mediator.py:_tick_l0:12180; mediator.py:_tick_l0:12190; mediator.py:_tick_l0:12225; mediator.py:set_phase:7771; runtime_mediator.py:_find_stage_start:611,mediator.py:_tick_l0:12186
_stage_candidate_position,None,mediator.py:__init__:672; mediator.py:_tick_l0:12126; mediator.py:_tick_l0:12170; mediator.py:_tick_l0:12181; mediator.py:_tick_l0:12188; mediator.py:_tick_l0:12191; mediator.py:_tick_l0:12226; mediator.py:set_phase:7772; runtime_mediator.py:_find_stage_start:612,
_stage_click_cooldown_until,0.0,mediator.py:__init__:666; mediator.py:_tick_l0:12138; mediator.py:_tick_l0:12206,mediator.py:_tick_l0:12208
_stage_scroll_attempts,0,mediator.py:__init__:691; mediator.py:_tick_l0:12128; mediator.py:_tick_l0:12163; mediator.py:set_phase:7765,mediator.py:_tick_l0:12174
_stage_scroll_cooldown_until,0.0,mediator.py:__init__:667; mediator.py:_tick_l0:12129; mediator.py:_tick_l0:12164; mediator.py:set_phase:7775,mediator.py:_tick_l0:12108; mediator.py:_tick_l0:12140
_stage_select_attempts,0,mediator.py:__init__:674; mediator.py:_tick_l0:12205; mediator.py:set_phase:7774,mediator.py:_stage_budget_guard:11656
_stage_selected,False,mediator.py:__init__:668; mediator.py:_challenge_start_timeout:11685; mediator.py:_tick_l0:12122; mediator.py:_tick_l0:12135; mediator.py:_tick_l0:12202; mediator.py:_tick_l0:12222; mediator.py:set_phase:7730; mediator.py:set_phase:7768; runtime_mediator.py:_find_stage_start:608,mediator.py:_find_stage_start:11465; mediator.py:_tick_l0:12131; mediator.py:_tick_l0:12139; runtime_mediator.py:_find_stage_start:598
_stage_target_name,None,mediator.py:__init__:669; mediator.py:_challenge_start_timeout:11686; mediator.py:_tick_l0:12123; mediator.py:_tick_l0:12136; mediator.py:_tick_l0:12203; mediator.py:_tick_l0:12223; mediator.py:set_phase:7731; mediator.py:set_phase:7769; runtime_mediator.py:_find_stage_start:609,
_stage_target_position,None,mediator.py:__init__:670; mediator.py:_tick_l0:12124; mediator.py:_tick_l0:12137; mediator.py:_tick_l0:12204; mediator.py:_tick_l0:12224; mediator.py:set_phase:7732; mediator.py:set_phase:7770; runtime_mediator.py:_find_stage_start:610,
_success_count,0,mediator.py:__init__:1014; mediator.py:_record_round_outcome:8415,mediator.py:_record_round_outcome:8417
_surface_conflict_since,None,mediator.py:__init__:1105; mediator.py:_tick_main_line:14387; mediator.py:_tick_main_line:14400; mediator.py:_tick_main_line:14404; mediator.py:_tick_main_line:14416,mediator.py:_tick_main_line:14386; mediator.py:_tick_main_line:14388
_team_exit_ocr_error_logged_at,0.0,mediator.py:__init__:944; mediator.py:_team_post_game_player_left:8687; mediator.py:set_phase:7959,mediator.py:_team_post_game_player_left:8685
_team_exit_ocr_hits,0,mediator.py:__init__:943; mediator.py:_team_post_game_player_left:8693; mediator.py:set_phase:7958,mediator.py:_team_post_game_player_left:8693; mediator.py:_team_post_game_player_left:8694
_team_exit_ocr_next_at,0.0,mediator.py:__init__:942; mediator.py:_team_post_game_player_left:8671; mediator.py:set_phase:7957,mediator.py:_team_post_game_player_left:8669
_tick_evidence,None,mediator.py:__init__:705; mediator.py:_tick_impl:12772,mediator.py:_action_gate_ok:1881
_tick_gen,None,mediator.py:__init__:706; mediator.py:_tick_impl:12773,mediator.py:_action_gate_ok:1868; mediator.py:_action_gate_ok:1881; mediator.py:_tick_impl:12845
_tick_input_executed,False,mediator.py:__init__:724; mediator.py:_fill_room_dialog:11614; mediator.py:_finish_input:2045; mediator.py:_finish_input:2056; mediator.py:_tick_impl:12608; mediator.py:_tick_l0:12165,mediator.py:_cadence_for_current_state:14954; mediator.py:_hitch_liveness_supervise:10031; runtime_mediator.py:_tick_main_line:312
_tick_input_seq,None,mediator.py:__init__:711; mediator.py:_tick_impl:12774,mediator.py:_action_gate_ok:1870
_tick_no,0,mediator.py:__init__:732; mediator.py:tick:12393,mediator.py:_trace_tick:12442
_tick_post_confirm,None,mediator.py:__init__:715; mediator.py:_confirm_panel_choice_action:13029; mediator.py:_expire_panel_choice_action:13055; mediator.py:_maybe_public_backpack_deposit:4963; mediator.py:_tick_impl:12605,mediator.py:_trace_post_confirm:12598
_tick_reason,None,mediator.py:__init__:723; mediator.py:_finish_input:2048; mediator.py:_record_environment_incident:12382; mediator.py:_record_lobby_observation_incident:8594; mediator.py:_record_recovery_incident:8505; mediator.py:_record_round_timeout_incident:13590; mediator.py:_tick_impl:12607; mediator.py:_tick_impl:12783; mediator.py:_tick_impl:12814; mediator.py:see:1668,mediator.py:_finish_input:2047; mediator.py:_record_environment_incident:12381; mediator.py:_record_lobby_observation_incident:8593; mediator.py:_record_recovery_incident:8504; mediator.py:_record_round_timeout_incident:13589; mediator.py:_tick_impl:12782; mediator.py:_tick_impl:12813; mediator.py:_trace_tick:12456; mediator.py:see:1667
_ticket_zero_frames,,mediator.py:_maybe_switch_to_archaeology:7473; mediator.py:_maybe_switch_to_archaeology:7477; mediator.py:_maybe_switch_to_archaeology:7483; mediator.py:_maybe_switch_to_archaeology:7498,mediator.py:_maybe_switch_to_archaeology:7476
_time_cave_boss_done,False,mediator.py:__init__:937; mediator.py:_maybe_challenge_configured_boss:6351; mediator.py:_tick_main_line:14020; mediator.py:_tick_main_line:14047; mediator.py:_tick_main_line:14064; mediator.py:_tick_main_line:14078; mediator.py:set_phase:7944,mediator.py:_tick_main_line:14061; mediator.py:_tick_main_line:14069
_time_cave_boss_search_attempts,0,mediator.py:__init__:936; mediator.py:_tick_main_line:14074; mediator.py:_tick_main_line:14080; mediator.py:set_phase:7952,mediator.py:_tick_main_line:14075
_timeout_count,0,mediator.py:__init__:1017; mediator.py:_record_round_outcome:8424,
_tqtz_abandoned,,mediator.py:_maybe_click_tqtz:6581; mediator.py:_maybe_click_tqtz:6626; mediator.py:_maybe_click_tqtz:6635; mediator.py:_reset_tqtz_round_state:7721,mediator.py:_maybe_click_tqtz:6565
_tqtz_attempts,,mediator.py:_maybe_click_tqtz:6665; mediator.py:_reset_tqtz_round_state:7720,mediator.py:_maybe_click_tqtz:6576; mediator.py:_maybe_click_tqtz:6621; mediator.py:_maybe_click_tqtz:6632; mediator.py:_maybe_click_tqtz:6665
_tqtz_clicked,,mediator.py:_maybe_click_tqtz:6582; mediator.py:_maybe_click_tqtz:6605; mediator.py:_maybe_click_tqtz:6613; mediator.py:_maybe_click_tqtz:6627; mediator.py:_maybe_click_tqtz:6637; mediator.py:_reset_tqtz_round_state:7714,mediator.py:_maybe_click_tqtz:6641
_tqtz_next_check_at,,mediator.py:_maybe_click_tqtz:6591; mediator.py:_maybe_click_tqtz:6668; mediator.py:_reset_tqtz_round_state:7718,mediator.py:_maybe_click_tqtz:6589; mediator.py:_maybe_click_tqtz:6644
_tqtz_pending,,mediator.py:_maybe_click_tqtz:6577; mediator.py:_maybe_click_tqtz:6606; mediator.py:_maybe_click_tqtz:6614; mediator.py:_maybe_click_tqtz:6622; mediator.py:_maybe_click_tqtz:6636; mediator.py:_maybe_click_tqtz:6666; mediator.py:_reset_tqtz_round_state:7715,mediator.py:_maybe_click_tqtz:6567
_tqtz_pending_frame,,mediator.py:_maybe_click_tqtz:6578; mediator.py:_maybe_click_tqtz:6607; mediator.py:_maybe_click_tqtz:6615; mediator.py:_maybe_click_tqtz:6623; mediator.py:_maybe_click_tqtz:6638; mediator.py:_maybe_click_tqtz:6669; mediator.py:_reset_tqtz_round_state:7717,
_tqtz_pending_since,,mediator.py:_maybe_click_tqtz:6667; mediator.py:_reset_tqtz_round_state:7716,mediator.py:_maybe_click_tqtz:6575; mediator.py:_maybe_click_tqtz:6620
_tqtz_request_generation,,mediator.py:_maybe_click_tqtz:6671; mediator.py:_reset_tqtz_round_state:7719,mediator.py:_maybe_click_tqtz:6569
_trace_actions,[],mediator.py:__init__:733; mediator.py:_tick_impl:12601; mediator.py:act_click:2096 (mutation); mediator.py:act_double_click:2222 (mutation); mediator.py:act_key:2136 (mutation); mediator.py:act_move:2192 (mutation); mediator.py:act_right_click:2117 (mutation); mediator.py:act_scroll:2260 (mutation); mediator.py:act_search_box:2235 (mutation); mediator.py:act_type_text:2209 (mutation),mediator.py:_incident_meta:8457; mediator.py:_trace_decision:12579; mediator.py:_trace_decision:12580; mediator.py:_trace_tick:12452; mediator.py:act_click:2096; mediator.py:act_double_click:2222; mediator.py:act_key:2136; mediator.py:act_move:2192; mediator.py:act_right_click:2117; mediator.py:act_scroll:2260; mediator.py:act_search_box:2235; mediator.py:act_type_text:2209
_trace_controls,[],mediator.py:__init__:735; mediator.py:_tick_impl:12603; mediator.py:_trace_auto_task_control:2491 (mutation); mediator.py:_trace_challenge_control:7017 (mutation); mediator.py:_trace_create_room_control:11369 (mutation),mediator.py:_trace_auto_task_control:2491; mediator.py:_trace_challenge_control:7017; mediator.py:_trace_create_room_control:11369; mediator.py:_trace_tick:12453
_trace_fh,None,mediator.py:__init__:731; mediator.py:set_trace:12434; mediator.py:set_trace:12435,mediator.py:_trace_tick:12438; mediator.py:_trace_tick:12496; mediator.py:_trace_tick:12497; mediator.py:set_trace:12432; mediator.py:set_trace:12433
_trace_fingerprint_cache,None,mediator.py:__init__:738; mediator.py:_trace_frame_fingerprint:12561,mediator.py:_trace_frame_fingerprint:12553
_trace_ocr_suggestion,None,mediator.py:__init__:1128; mediator.py:_find_reward_choice:3709; mediator.py:_ocr_panel_slots:2962; mediator.py:_tick_impl:12604,mediator.py:_trace_tick:12463
_trace_path,None,mediator.py:__init__:730; mediator.py:set_trace:12428,
_trace_scenes,[],mediator.py:__init__:734; mediator.py:_action_gate_ok:1873 (mutation); mediator.py:_action_gate_ok:1884 (mutation); mediator.py:_selection_anchor:2339 (mutation); mediator.py:_tick_impl:12602; mediator.py:find_scene:1994 (mutation),mediator.py:_action_gate_ok:1872; mediator.py:_action_gate_ok:1873; mediator.py:_action_gate_ok:1883; mediator.py:_action_gate_ok:1884; mediator.py:_incident_meta:8466; mediator.py:_selection_anchor:2338; mediator.py:_selection_anchor:2339; mediator.py:_trace_panel_candidates:12566; mediator.py:_trace_tick:12454; mediator.py:find_scene:1993; mediator.py:find_scene:1994
_ui_scale,1.0,mediator.py:__init__:728; mediator.py:see:1636,mediator.py:_adapt_scales:1704; mediator.py:_auto_task_state_detail:2457; mediator.py:_ensure_evidence:1728; mediator.py:_ensure_evidence:1735; mediator.py:_hot_scales:1773; mediator.py:_incident_meta:8469; mediator.py:_l0_scales:1963; mediator.py:_l0_scales:1965; mediator.py:_match_all_preferred:3805; mediator.py:_post_game_state:5910; mediator.py:_visible_stage_rows:11495; mediator.py:_wide_scales:1784; mediator.py:_wide_scales:1786
_unknown_recorded_fp,None,mediator.py:__init__:1126; mediator.py:_tick_impl:12810; mediator.py:_tick_impl:12817,mediator.py:_tick_impl:12791
_unknown_since,None,mediator.py:__init__:1125; mediator.py:_tick_impl:12788; mediator.py:_tick_impl:12816,mediator.py:_tick_impl:12788; mediator.py:_tick_impl:12789
_victory_continue_attempts,0,mediator.py:__init__:905; mediator.py:_observe_secret_realm_entry:13635; mediator.py:_tick_main_line:13972; mediator.py:_tick_main_line:13985; mediator.py:_tick_main_line:13995; mediator.py:set_phase:7928,mediator.py:_round_tail_checks_active:12934; mediator.py:_tick_main_line:13982; mediator.py:_tick_main_line:13996
_victory_continue_since,None,mediator.py:__init__:906; mediator.py:_observe_secret_realm_entry:13636; mediator.py:_tick_main_line:13973; mediator.py:_tick_main_line:14021; mediator.py:set_phase:7929,mediator.py:_tick_main_line:13966; mediator.py:_tick_main_line:13967; mediator.py:_tick_main_line:14520
emergency_listener,None,,
executor,InputExecutor(stop_signal=self.stop_signal),,
exit_reason,None,,
game_count,0,,
game_platform_window_snapshot,{},,
images,settings.images_path(project_root),,
last_business_action,None,,
last_window_hwnd,None,,
last_window_role,None,,
phase,Phase.BOOT,,mediator.py:_find_reward_choice:3661; runtime_mediator.py:_runtime_watchdog_allowed:254; runtime_mediator.py:set_phase:716
recent_recovery_actions,[],,
root,project_root,,
scenes_doc,load_scenes(project_root),,
settings,settings,,
stop_signal,stop_signal or StopSignal(),,
ttl_s,ttl_s,,
